0,0,0,0,0,0,0,0,0,0,0,0,20,0.00022058657486923,-8.3822786109522e-05,-8.38227715576068e-05,0,0,0,0.151688099451193,-0.00459791170650084,-0.000719650760851759
20,0,0,0,0,0,0.00022058657486923,-8.3822786109522e-05,-8.38227715576068e-05,0,0,0,20,0.00022058657486923,-8.3822786109522e-05,-8.38227715576068e-05,0,0,0,0.151688099451193,-0.00459791170650084,-0.000719650760851759
40,0,0,0,0,0,0.000441173149738461,-0.000167645572219044,-0.000167645543115214,0,0,0,20,0.000220586603973061,-8.3822786109522e-05,-8.3822786109522e-05,0,0,0,0.151688099451193,-0.00459791170650084,-0.000719650760851759
60,0,0,0,0,0,0.000661759753711522,-0.000251468358328566,-0.000251468329224735,0,0,0,20,0.0002205865457654,-8.3822786109522e-05,-8.38227570056915e-05,0,0,0,0.151688099451193,-0.00459791170650084,-0.000719650760851759
80,0,0,0,0,0,0.000882346299476922,-0.000335291144438088,-0.000335291086230427,0,0,0,20,0.000220586662180722,-8.3822786109522e-05,-8.38228152133524e-05,0,0,0,0.151688099451193,-0.00459791170650084,-0.000719650760851759
100,0,0,0,0,0,0.00110293296165764,-0.00041911393054761,-0.000419113901443779,0,0,0,20,0.0002205865457654,-8.3822786109522e-05,-8.38227570056915e-05,0,0,0,0.151688099451193,-0.00459791170650084,-0.000719650760851759
120,0,0,0,0,0,0.00132351950742304,-0.000502936716657132,-0.000502936658449471,0,0,0,20,0.0002205865457654,-8.38228152133524e-05,-8.38227570056915e-05,0,0,0,0.151688099451193,-0.00459791170650084,-0.000719650760851759
140,0,0,0,0,0,0.00154410605318844,-0.000586759531870484,-0.000586759415455163,0,0,0,20,0.0002205865457654,-8.38227570056915e-05,-8.38227570056915e-05,0,0,0,0.151688099451193,-0.00459791170650084,-0.000719650760851759
160,0,0,0,0,0,0.00176469259895384,-0.000670582288876176,-0.000670582172460854,0,0,0,20,0.0002205865457654,-8.38228152133524e-05,-8.38228734210134e-05,0,0,0,0.151688099451193,-0.00459791170650084,-0.000719650760851759
180,0,0,0,0,0,0.00198527914471924,-0.000754405104089528,-0.000754405045881867,0,0,0,20,0.000220586778596044,-8.38227570056915e-05,-8.38227570056915e-05,0,0,0,0.151688099451193,-0.00459791170650084,-0.000719650760851759
200,0,0,0,0,0,0.00220586592331529,-0.00083822786109522,-0.000838227802887559,0,0,0,20,0.0002205865457654,-8.38228152133524e-05,-8.38227570056915e-05,0,0,0,0.151688099451193,-0.00459791170650084,-0.000719650760851759
220,0,0,0,0,0,0.00242645246908069,-0.000922050676308572,-0.00092205055989325,0,0,0,20,0.0002205865457654,-8.38227570056915e-05,-8.38227570056915e-05,0,0,0,0.151688099451193,-0.00459791170650084,-0.000719650760851759
240,0,0,0,0,0,0.00264703901484609,-0.00100587343331426,-0.00100587331689894,0,0,0,20,0.0002205865457654,-8.38227570056915e-05,-8.38227570056915e-05,0,0,0,0.151688099451193,-0.00459791170650084,-0.000719650760851759
260,0,0,0,0,0,0.00286762556061149,-0.00108969619031996,-0.00108969607390463,0,0,0,20,0.0002205865457654,-8.38228734210134e-05,-8.38227570056915e-05,0,0,0,0.151688099451193,-0.00459791170650084,-0.000719650760851759
280,0,0,0,0,0,0.00308821210637689,-0.00117351906374097,-0.00117351883091033,0,0,0,20,0.0002205865457654,-8.38227570056915e-05,-8.38227570056915e-05,0,0,0,0.151688099451193,-0.00459791170650084,-0.000719650760851759
300,0,0,0,0,0,0.00330879865214229,-0.00125734182074666,-0.00125734158791602,0,0,0,20,0.0002205865457654,-8.38227570056915e-05,-8.38227570056915e-05,0,0,0,0.151688099451193,-0.00459791170650084,-0.000719650760851759
320,0,0,0,0,0,0.00352938519790769,-0.00134116457775235,-0.00134116434492171,0,0,0,20,0.000220586778596044,-8.38228734210134e-05,-8.38229898363352e-05,0,0,0,0.151688099451193,-0.00459791170650084,-0.000719650760851759
340,0,0,0,0,0,0.00374997197650373,-0.00142498745117337,-0.00142498733475804,0,0,0,20,0.000220586312934756,-8.38227570056915e-05,-8.38227570056915e-05,0,0,0,0.151688099451193,-0.00459791170650084,-0.000719650760851759
360,0,0,0,0,0,0.00397055828943849,-0.00150881020817906,-0.00150881009176373,0,0,0,20,0.000220768619328737,-8.39137937873602e-05,-8.39142594486475e-05,0,0,0,0.151688099451193,-0.00459791170650084,-0.000719650760851759
380,0,0,0,0,0,0.00419132690876722,-0.00159272400196642,-0.00159272435121238,0,0,0,20,0.000222911592572927,-8.49837670102715e-05,-8.49906355142593e-05,4.90047204204647e-11,0,0,0.151688099451193,-0.00459791170650084,-0.000719650760851759
400,0,0,0,0,0,0.00441423850134015,-0.00167770776897669,-0.00167771498672664,4.90047204204647e-11,0,0,20,0.000230515841394663,-8.875981438905e-05,-8.88343201950192e-05,8.81478414566095e-10,0,0,0.151688099451193,-0.00459791170650084,-0.000719650760851759
420,0,0,0,0,0,0.00464475434273481,-0.00176646758336574,-0.00176654930692166,9.30483134986559e-10,0,0,20,0.000247170682996511,-9.68830427154899e-05,-9.74001595750451e-05,5.06512087827815e-09,0,0,0.151688099451193,-0.00459791170650084,-0.000719650760851759
440,0,0,0,0,0,0.00489192502573133,-0.00186335062608123,-0.00186394946649671,5.99560401326471e-09,0,0,20,0.000274142250418663,-0.000109462765976787,-0.000111858360469341,8.33758573293153e-09,0,0,0.151688099451193,-0.00459791170650084,-0.000719650760851759
460,0,0,0,0,0,0.00516606727614999,-0.00197281339205801,-0.00197580782696605,1.43331897461962e-08,0,0,20,0.000311862211674452,-0.000125340186059475,-0.00013381615281105,-4.35154428046758e-08,0,0,0.151688099451193,-0.00459791170650084,-0.000719650760851759
480,0,0,0,0,0,0.00547792948782444,-0.00209815357811749,-0.0021096239797771,-2.91822530584795e-08,0,0,20,0.000352119095623493,-0.000139388255774975,-0.00016017840243876,-2.68946585890717e-07,0,0,0.151688099451193,-0.00459791170650084,-0.000719650760851759
500,0,0,0,0,0,0.00583004858344793,-0.00223754183389246,-0.00226980238221586,-2.98128838949197e-07,0,0,20,0.000398416537791491,-0.000152669148519635,-0.000193387269973755,-7.5486116202228e-07,0,0,0.151688099451193,-0.00459791170650084,-0.000719650760851759
520,0,0,0,0,0,0.00622846512123942,-0.0023902109824121,-0.00246318965218961,-1.05299000097148e-06,0,0,20,0.000448839738965034,-0.000164298340678215,-0.000232398044317961,-1.59893761519925e-06,0,0,0.151688099451193,-0.00459791170650084,-0.000719650760851759
540,0,0,0,0,0,0.00667730486020446,-0.00255450932309031,-0.00269558769650757,-2.65192761617072e-06,0,0,20,0.000503214076161385,-0.000174968736246228,-0.000276322709396482,-2.83292752101261e-06,0,0,0.151688099451193,-0.00459791170650084,-0.000719650760851759
560,0,0,0,0,0,0.00718051893636584,-0.00272947805933654,-0.00297191040590405,-5.48485513718333e-06,0,0,20,0.000561305321753025,-0.000185443088412285,-0.000324151013046503,-4.44916804553941e-06,0,0,0.151688099451193,-0.00459791170650084,-0.000719650760851759
580,0,0,0,0,0,0.00774182425811887,-0.00291492114774883,-0.00329606141895056,-9.93402318272274e-06,0,0,20,0.000622998457401991,-0.000196320936083794,-0.000375149073079228,-6.45702311885543e-06,0,0,0.151688099451193,-0.00459791170650084,-0.000719650760851759
600,0,0,0,0,0,0.00836482271552086,-0.00311124208383262,-0.00367121049202979,-1.63910463015782e-05,0,0,20,0.000692070461809635,-0.000209088437259197,-0.000431618420407176,-9.00479608390015e-06,0,0,0.151688099451193,-0.00459791170650084,-0.000719650760851759
620,0,0,0,0,0,0.00905689317733049,-0.00332033052109182,-0.00410282891243696,-2.53958423854783e-05,0,0,20,0.000774817541241646,-0.000225165626034141,-0.000498468056321144,-1.23106365208514e-05,0,0,0.151688099451193,-0.00459791170650084,-0.000719650760851759
640,0,0,0,0,0,0.00983171071857214,-0.00354549614712596,-0.00460129696875811,-3.77064789063297e-05,0,0,20,0.000879657454788685,-0.000245581148192286,-0.00058315135538578,-1.65465789905284e-05,0,0,0.151688099451193,-0.00459791170650084,-0.000719650760851759
0,0,0,0,0,0,0,0,0,0,0,0,20,6.83818943798542e-05,6.83818943798542e-05,-8.38227715576068e-05,0.000116279072244652,0,0,0.151688099451193,-0.00459791170650084,-0.000719650760851759
10,10,0,10,0,0,6.83818943798542e-05,6.83818943798542e-05,-8.38227715576068e-05,0.000116279072244652,0,0,20,6.83818943798542e-05,6.83818943798542e-05,-8.38227715576068e-05,0.000116279072244652,0,0,0.151688099451193,-0.00459791170650084,-0.000719650760851759
20,20,0,20,0,0,0.000136763788759708,0.000136763788759708,-0.000167645543115214,0.000232558144489303,0,0,20,6.83818943798542e-05,6.83818943798542e-05,-8.3822786109522e-05,0.000116279057692736,0,0,0.151688099451193,-0.00459791170650084,-0.000719650760851759
30,30,0,30,0,0,0.000205145683139563,0.000205145683139563,-0.000251468329224735,0.00034883720218204,0,0,20,6.83818943798542e-05,6.83818943798542e-05,-8.38227570056915e-05,0.000116279086796567,0,0,0.151688099451193,-0.00459791170650084,-0.000719650760851759
40,40,0,40,0,0,0.000273527577519417,0.000273527577519417,-0.000335291086230427,0.000465116288978606,0,0,20,6.83818943798542e-05,6.83818943798542e-05,-8.38228152133524e-05,0.000116279057692736,0,0,0.151688099451193,-0.00459791170650084,-0.000719650760851759
50,50,0,50,0,0,0.000341909471899271,0.000341909471899271,-0.000419113901443779,0.000581395346671343,0,0,20,6.83818943798542e-05,6.83818943798542e-05,-8.38227570056915e-05,0.000116279057692736,0,0,0.151688099451193,-0.00459791170650084,-0.000719650760851759
60,60,0,60,0,0,0.000410291366279125,0.000410291366279125,-0.000502936658449471,0.000697674404364079,0,0,20,6.83819234836847e-05,6.83819234836847e-05,-8.38227570056915e-05,0.000116279057692736,0,0,0.151688099451193,-0.00459791170650084,-0.000719650760851759
70,70,0,70,0,0,0.00047867328976281,0.00047867328976281,-0.000586759415455163,0.000813953462056816,0,0,20,6.83818652760237e-05,6.83818652760237e-05,-8.38227570056915e-05,0.000116279115900397,0,0,0.151688099451193,-0.00459791170650084,-0.000719650760851759
80,80,0,80,0,0,0.000547055155038834,0.000547055155038834,-0.000670582172460854,0.000930232577957213,0,0,20,6.83818943798542e-05,6.83818943798542e-05,-8.38228734210134e-05,0.000116278999485075,0,0,0.151688099451193,-0.00459791170650084,-0.000719650760851759
90,90,0,90,0,0,0.000615437049418688,0.000615437049418688,-0.000754405045881867,0.00104651157744229,0,0,20,6.83818943798542e-05,6.83818943798542e-05,-8.38227570056915e-05,0.000116279115900397,0,0,0.151688099451193,-0.00459791170650084,-0.000719650760851759
100,100,0,100,0,0,0.000683818943798542,0.000683818943798542,-0.000838227802887559,0.00116279069334269,0,0,20,6.83818943798542e-05,6.83818943798542e-05,-8.38227570056915e-05,0.000116279115900397,0,0,0.151688099451193,-0.00459791170650084,-0.000719650760851759
110,110,0,110,0,0,0.000752200838178396,0.000752200838178396,-0.00092205055989325,0.00127906980924308,0,0,20,6.83818943798542e-05,6.83818943798542e-05,-8.38227570056915e-05,0.000116278999485075,0,0,0.151688099451193,-0.00459791170650084,-0.000719650760851759
120,120,0,120,0,0,0.00082058273255825,0.00082058273255825,-0.00100587331689894,0.00139534880872816,0,0,20,6.83819525875151e-05,6.83819525875151e-05,-8.38227570056915e-05,0.000116279115900397,0,0,0.151688099451193,-0.00459791170650084,-0.000719650760851759
130,130,0,130,0,0,0.000888964685145766,0.000888964685145766,-0.00108969607390463,0.00151162792462856,0,0,20,6.83818943798542e-05,6.83818943798542e-05,-8.38227570056915e-05,0.000116278999485075,0,0,0.151688099451193,-0.00459791170650084,-0.000719650760851759
140,140,0,140,0,0,0.00095734657952562,0.00095734657952562,-0.00117351883091033,0.00162790692411363,0,0,20,6.83818361721933e-05,6.83818361721933e-05,-8.38227570056915e-05,0.000116279115900397,0,0,0.151688099451193,-0.00459791170650084,-0.000719650760851759
150,150,0,150,0,0,0.00102572841569781,0.00102572841569781,-0.00125734158791602,0.00174418604001403,0,0,20,6.83818943798542e-05,6.83818943798542e-05,-8.38227570056915e-05,0.000116279115900397,0,0,0.151688099451193,-0.00459791170650084,-0.000719650760851759
160,160,0,160,0,0,0.00109411031007767,0.00109411031007767,-0.00134116434492171,0.00186046515591443,0,0,20,6.83818943798542e-05,6.83818943798542e-05,-8.38229898363352e-05,0.000116279115900397,0,0,0.151688099451193,-0.00459791170650084,-0.000719650760851759
170,170,0,170,0,0,0.00116249220445752,0.00116249220445752,-0.00142498733475804,0.00197674427181482,0,0,20,6.83818943798542e-05,6.83818943798542e-05,-8.38227570056915e-05,0.000116278883069754,0,0,0.151688099451193,-0.00459791170650084,-0.000719650760851759
180,180,0,180,0,0,0.00123087409883738,0.00123087409883738,-0.00150881009176373,0.00209302315488458,0,0,20,6.84274127706885e-05,6.84274127706885e-05,-8.39142594486475e-05,0.000116370152682066,0,0,0.151688099451193,-0.00459791170650084,-0.000719650760851759
190,190,0,190,0,0,0.00129930151160806,0.00129930151160806,-0.00159272435121238,0.00220939330756664,0,0,20,6.89665321260691e-05,6.89665321260691e-05,-8.4996223449707e-05,0.000117448391392827,0,0,0.151688099451193,-0.00459791170650084,-0.000719650760851759
200,200,0,200,0,0,0.00136826804373413,0.00136826804373413,-0.00167772057466209,0.00232684169895947,0,0,20,7.09333689883351e-05,7.09332525730133e-05,-8.89438670128584e-05,0.000121381832286716,0,0,0.151688099451193,-0.00459791170650084,-0.000719650760851759
210,210,0,210,0,0,0.00143920141272247,0.00143920129630715,-0.00176666444167495,0.00244822353124619,0,0,20,7.55529617890716e-05,7.55529617890716e-05,-9.82177443802357e-05,0.000130621250718832,0,0,0.151688099451193,-0.00459791170650084,-0.000719650760851759
220,220,0,220,0,0,0.00151475437451154,0.00151475425809622,-0.00186488218605518,0.00257884478196502,0,0,20,8.40076245367527e-05,8.40115826576948e-05,-0.000115196919068694,0.000147534534335136,0,0,0.151688099451193,-0.00459791170650084,-0.000719650760851759
230,230,0,230,0,0,0.00159876199904829,0.00159876584075391,-0.00198007910512388,0.00272637931630015,0,0,20,9.72552224993706e-05,9.73072601482272e-05,-0.000141853233799338,0.000174077693372965,0,0,0.151688099451193,-0.00459791170650084,-0.000719650760851759
240,240,0,240,0,0,0.00169601722154766,0.00169607310090214,-0.00212193233892322,0.00290045700967312,0,0,20,0.000115480972453952,0.000115780625492334,-0.000178722897544503,0.000210776692256331,0,0,0.151688099451193,-0.00459791170650084,-0.000719650760851759
250,250,0,250,0,0,0.00181149819400162,0.00181185372639447,-0.00230065523646772,0.00311123370192945,0,0,20,0.000137828523293138,0.000138626433908939,-0.00022415048442781,0.000255970284342766,0,0,0.151688099451193,-0.00459791170650084,-0.000719650760851759
260,260,0,260,0,0,0.00194932671729475,0.00195048016030341,-0.00252480572089553,0.00336720398627222,0,0,20,0.000164030236192048,0.00016587192658335,-0.000277900602668524,0.00030941772274673,0,0,0.151688099451193,-0.00459791170650084,-0.000719650760851759
270,270,0,270,0,0,0.0021133569534868,0.00211635208688676,-0.00280270632356405,0.00367662170901895,0,0,20,0.000193801010027528,0.000197470420971513,-0.000339651247486472,0.000370786525309086,0,0,0.151688099451193,-0.00459791170650084,-0.000719650760851759
280,280,0,280,0,0,0.00230715796351433,0.00231382250785828,-0.00314235757105052,0.00404740823432803,0,0,20,0.000226710923016071,0.00023321807384491,-0.00040876935236156,0.000439444556832314,0,0,0.151688099451193,-0.00459791170650084,-0.000719650760851759
290,290,0,290,0,0,0.0025338688865304,0.00254704058170319,-0.00355112692341208,0.00448685279116035,0,0,20,0.000262320507317781,0.000272785546258092,-0.000484480056911707,0.000514621380716562,0,0,0.151688099451193,-0.00459791170650084,-0.000719650760851759
300,300,0,300,0,0,0.00279618939384818,0.00281982612796128,-0.00403560698032379,0.00500147417187691,0,0,20,0.000300648855045438,0.000316266901791096,-0.000566891860216856,0.000596432480961084,0,0,0.151688099451193,-0.00459791170650084,-0.000719650760851759
310,310,0,310,0,0,0.00309683824889362,0.00313609302975237,-0.00460249884054065,0.00559790665283799,0,0,20,0.00034276070073247,0.000364684034138918,-0.000658078584820032,0.000687250867486,0,0,0.151688099451193,-0.00459791170650084,-0.000719650760851759
320,320,0,320,0,0,0.00343959894962609,0.00350077706389129,-0.00526057742536068,0.00628515752032399,0,0,20,0.000390626955777407,0.000419866060838103,-0.000761843286454678,0.000793437007814646,0,0,0.151688099451193,-0.00459791170650084,-0.000719650760851759
0,0,0,0,0,0,0,0,0,0,0,0,20,-8.3822786109522e-05,0.00022058657486923,-8.38227715576068e-05,0,0,0,0.151688099451193,-0.00459791170650084,-0.000719650760851759
0,20,0,0,0,0,-8.3822786109522e-05,0.00022058657486923,-8.38227715576068e-05,0,0,0,20,-8.3822786109522e-05,0.00022058657486923,-8.38227715576068e-05,0,0,0,0.151688099451193,-0.00459791170650084,-0.000719650760851759
0,40,0,0,0,0,-0.000167645572219044,0.000441173149738461,-0.000167645543115214,0,0,0,20,-8.3822786109522e-05,0.000220586603973061,-8.3822786109522e-05,0,0,0,0.151688099451193,-0.00459791170650084,-0.000719650760851759
0,60,0,0,0,0,-0.000251468358328566,0.000661759753711522,-0.000251468329224735,0,0,0,20,-8.3822786109522e-05,0.0002205865457654,-8.38227570056915e-05,0,0,0,0.151688099451193,-0.00459791170650084,-0.000719650760851759
0,80,0,0,0,0,-0.000335291144438088,0.000882346299476922,-0.000335291086230427,0,0,0,20,-8.3822786109522e-05,0.000220586662180722,-8.38228152133524e-05,0,0,0,0.151688099451193,-0.00459791170650084,-0.000719650760851759
0,100,0,0,0,0,-0.00041911393054761,0.00110293296165764,-0.000419113901443779,0,0,0,20,-8.3822786109522e-05,0.0002205865457654,-8.38227570056915e-05,0,0,0,0.151688099451193,-0.00459791170650084,-0.000719650760851759
0,120,0,0,0,0,-0.000502936716657132,0.00132351950742304,-0.000502936658449471,0,0,0,20,-8.38228152133524e-05,0.0002205865457654,-8.38227570056915e-05,0,0,0,0.151688099451193,-0.00459791170650084,-0.000719650760851759
0,140,0,0,0,0,-0.000586759531870484,0.00154410605318844,-0.000586759415455163,0,0,0,20,-8.38227570056915e-05,0.0002205865457654,-8.38227570056915e-05,0,0,0,0.151688099451193,-0.00459791170650084,-0.000719650760851759
0,160,0,0,0,0,-0.000670582288876176,0.00176469259895384,-0.000670582172460854,0,0,0,20,-8.38228152133524e-05,0.0002205865457654,-8.38228734210134e-05,0,0,0,0.151688099451193,-0.00459791170650084,-0.000719650760851759
0,180,0,0,0,0,-0.000754405104089528,0.00198527914471924,-0.000754405045881867,0,0,0,20,-8.38227570056915e-05,0.000220586778596044,-8.38227570056915e-05,0,0,0,0.151688099451193,-0.00459791170650084,-0.000719650760851759
0,200,0,0,0,0,-0.00083822786109522,0.00220586592331529,-0.000838227802887559,0,0,0,20,-8.38228152133524e-05,0.0002205865457654,-8.38227570056915e-05,0,0,0,0.151688099451193,-0.00459791170650084,-0.000719650760851759
0,220,0,0,0,0,-0.000922050676308572,0.00242645246908069,-0.00092205055989325,0,0,0,20,-8.38227570056915e-05,0.0002205865457654,-8.38227570056915e-05,0,0,0,0.151688099451193,-0.00459791170650084,-0.000719650760851759
0,240,0,0,0,0,-0.00100587343331426,0.00264703901484609,-0.00100587331689894,0,0,0,20,-8.38227570056915e-05,0.0002205865457654,-8.38227570056915e-05,0,0,0,0.151688099451193,-0.00459791170650084,-0.000719650760851759
0,260,0,0,0,0,-0.00108969619031996,0.00286762556061149,-0.00108969607390463,0,0,0,20,-8.38228734210134e-05,0.0002205865457654,-8.38227570056915e-05,0,0,0,0.151688099451193,-0.00459791170650084,-0.000719650760851759
0,280,0,0,0,0,-0.00117351906374097,0.00308821210637689,-0.00117351883091033,0,0,0,20,-8.38227570056915e-05,0.0002205865457654,-8.38227570056915e-05,0,0,0,0.151688099451193,-0.00459791170650084,-0.000719650760851759
0,300,0,0,0,0,-0.00125734182074666,0.00330879865214229,-0.00125734158791602,0,0,0,20,-8.38227570056915e-05,0.0002205865457654,-8.38227570056915e-05,0,0,0,0.151688099451193,-0.00459791170650084,-0.000719650760851759
0,320,0,0,0,0,-0.00134116457775235,0.00352938519790769,-0.00134116434492171,0,0,0,20,-8.38228734210134e-05,0.000220586778596044,-8.38229898363352e-05,0,0,0,0.151688099451193,-0.00459791170650084,-0.000719650760851759
0,340,0,0,0,0,-0.00142498745117337,0.00374997197650373,-0.00142498733475804,0,0,0,20,-8.38227570056915e-05,0.000220586312934756,-8.38227570056915e-05,0,0,0,0.151688099451193,-0.00459791170650084,-0.000719650760851759
0,360,0,0,0,0,-0.00150881020817906,0.00397055828943849,-0.00150881009176373,0,0,0,20,-8.39137937873602e-05,0.000220768619328737,-8.39142594486475e-05,0,0,0,0.151688099451193,-0.00459791170650084,-0.000719650760851759
0,380,0,0,0,0,-0.00159272400196642,0.00419132690876722,-0.00159272435121238,0,0,0,20,-8.49837670102715e-05,0.00022291112691164,-8.49905190989375e-05,3.95747878911834e-11,0,0,0.151688099451193,-0.00459791170650084,-0.000719650760851759
0,400,0,0,0,0,-0.00167770776897669,0.00441423803567886,-0.00167771487031132,3.95747878911834e-11,0,0,20,-8.87596979737282e-05,0.00023051630705595,-8.88330396264791e-05,6.90014934079386e-10,0,0,0.151688099451193,-0.00459791170650084,-0.000719650760851759
0,420,0,0,0,0,-0.00176646746695042,0.00464475434273481,-0.0017665479099378,7.29589721970569e-10,0,0,20,-9.68824606388807e-05,0.000247172545641661,-9.74006252363324e-05,3.53439721934024e-09,0,0,0.151688099451193,-0.00459791170650084,-0.000719650760851759
0,440,0,0,0,0,-0.0018633499275893,0.00489192688837647,-0.00186394853517413,4.2639869413108e-09,0,0,20,-0.000109472312033176,0.000274206511676311,-0.000111910980194807,1.73450498408556e-09,0,0,0.151688099451193,-0.00459791170650084,-0.000719650760851759
0,460,0,0,0,0,-0.00197282223962247,0.00516613340005279,-0.00197585951536894,5.99849192539637e-09,0,0,20,-0.000124807935208082,0.000311101321130991,-0.000133604276925325,-7.64527405827664e-08,0,0,0.151688099451193,-0.00459791170650084,-0.000719650760851759
0,480,0,0,0,0,-0.00209763017483056,0.00547723472118378,-0.00210946379229426,-7.045424865737e-08,0,0,20,-0.000139785697683692,0.000354161020368338,-0.000161872245371342,-2.96973851732218e-07,0,0,0.151688099451193,-0.00459791170650084,-0.000719650760851759
0,500,0,0,0,0,-0.00223741587251425,0.00583139574155211,-0.00227133603766561,-3.67428100389589e-07,0,0,20,-0.000153069850057364,0.000402501318603754,-0.000197205226868391,-7.68997239219971e-07,0,0,0.151688099451193,-0.00459791170650084,-0.000719650760851759
0,520,0,0,0,0,-0.00239048572257161,0.00623389706015587,-0.002468541264534,-1.13642533960956e-06,0,0,20,-0.000164753757417202,0.000456695910543203,-0.00024009682238102,-1.5795777699168e-06,0,0,0.151688099451193,-0.00459791170650084,-0.000719650760851759
0,540,0,0,0,0,-0.00255523947998881,0.00669059297069907,-0.00270863808691502,-2.71600310952635e-06,0,0,20,-0.000175580615177751,0.000517068430781364,-0.000290134456008673,-2.75498859991785e-06,0,0,0.151688099451193,-0.00459791170650084,-0.000719650760851759
0,560,0,0,0,0,-0.00273082009516656,0.00720766140148044,-0.00299877254292369,-5.47099170944421e-06,0,0,20,-0.000186356250196695,0.000583506189286709,-0.000346394721418619,-4.28023213316919e-06,0,0,0.151688099451193,-0.00459791170650084,-0.000719650760851759
0,580,0,0,0,0,-0.00291717634536326,0.00779116759076715,-0.00334516726434231,-9.7512238426134e-06,0,0,20,-0.000197893241420388,0.000656536314636469,-0.000408592168241739,-6.15411772741936e-06,0,0,0.151688099451193,-0.00459791170650084,-0.000719650760851759
0,600,0,0,0,0,-0.00311506958678365,0.00844770390540361,-0.00375375943258405,-1.59053415700328e-05,0,0,20,-0.000211352482438087,0.000739072449505329,-0.000478476285934448,-8.45909744384699e-06,0,0,0.151688099451193,-0.00459791170650084,-0.000719650760851759
0,620,0,0,0,0,-0.00332642206922174,0.00918677635490894,-0.0042322357185185,-2.43644390138797e-05,0,0,20,-0.000227765878662467,0.00083643477410078,-0.000560353975743055,-1.13999740278814e-05,0,0,0.151688099451193,-0.00459791170650084,-0.000719650760851759
0,640,0,0,0,0,-0.0035541879478842,0.0100232111290097,-0.00479258969426155,-3.57644130417611e-05,0,0,20,-0.000248388852924109,0.000955749303102493,-0.000660113524645567,-1.52052052726503e-05,0,0,0.151688099451193,-0.00459791170650084,-0.000719650760851759
0,0,0,0,0,0,0,0,0,0,0,0,20,0.00022058657486923,-8.3822786109522e-05,-8.38227715576068e-05,0,0,0,0.260656273525988,-0.00156433243651098,0.0021430860939102
20,0,0,0,0,0,0.00022058657486923,-8.3822786109522e-05,-8.38227715576068e-05,0,0,0,20,0.00022058657486923,-8.3822786109522e-05,-8.38227715576068e-05,0,0,0,0.260656273525988,-0.00156433243651098,0.0021430860939102
40,0,0,0,0,0,0.000441173149738461,-0.000167645572219044,-0.000167645543115214,0,0,0,20,0.000220586603973061,-8.3822786109522e-05,-8.3822786109522e-05,0,0,0,0.260656273525988,-0.00156433243651098,0.0021430860939102
60,0,0,0,0,0,0.000661759753711522,-0.000251468358328566,-0.000251468329224735,0,0,0,20,0.0002205865457654,-8.3822786109522e-05,-8.38227570056915e-05,0,0,0,0.260656273525988,-0.00156433243651098,0.0021430860939102
80,0,0,0,0,0,0.000882346299476922,-0.000335291144438088,-0.000335291086230427,0,0,0,20,0.000220586662180722,-8.3822786109522e-05,-8.38228152133524e-05,0,0,0,0.260656273525988,-0.00156433243651098,0.0021430860939102
100,0,0,0,0,0,0.00110293296165764,-0.00041911393054761,-0.000419113901443779,0,0,0,20,0.0002205865457654,-8.3822786109522e-05,-8.38227570056915e-05,0,0,0,0.260656273525988,-0.00156433243651098,0.0021430860939102
120,0,0,0,0,0,0.00132351950742304,-0.000502936716657132,-0.000502936658449471,0,0,0,20,0.0002205865457654,-8.38228152133524e-05,-8.38227570056915e-05,0,0,0,0.260656273525988,-0.00156433243651098,0.0021430860939102
140,0,0,0,0,0,0.00154410605318844,-0.000586759531870484,-0.000586759415455163,0,0,0,20,0.0002205865457654,-8.38227570056915e-05,-8.38227570056915e-05,0,0,0,0.260656273525988,-0.00156433243651098,0.0021430860939102
160,0,0,0,0,0,0.00176469259895384,-0.000670582288876176,-0.000670582172460854,0,0,0,20,0.0002205865457654,-8.38228152133524e-05,-8.38228734210134e-05,0,0,0,0.260656273525988,-0.00156433243651098,0.0021430860939102
180,0,0,0,0,0,0.00198527914471924,-0.000754405104089528,-0.000754405045881867,0,0,0,20,0.000220586778596044,-8.38227570056915e-05,-8.38227570056915e-05,0,0,0,0.260656273525988,-0.00156433243651098,0.0021430860939102
200,0,0,0,0,0,0.00220586592331529,-0.00083822786109522,-0.000838227802887559,0,0,0,20,0.0002205865457654,-8.38228152133524e-05,-8.38227570056915e-05,0,0,0,0.260656273525988,-0.00156433243651098,0.0021430860939102
220,0,0,0,0,0,0.00242645246908069,-0.000922050676308572,-0.00092205055989325,0,0,0,20,0.0002205865457654,-8.38227570056915e-05,-8.38227570056915e-05,0,0,0,0.260656273525988,-0.00156433243651098,0.0021430860939102
240,0,0,0,0,0,0.00264703901484609,-0.00100587343331426,-0.00100587331689894,0,0,0,20,0.0002205865457654,-8.38227570056915e-05,-8.38227570056915e-05,0,0,0,0.260656273525988,-0.00156433243651098,0.0021430860939102
260,0,0,0,0,0,0.00286762556061149,-0.00108969619031996,-0.00108969607390463,0,0,0,20,0.0002205865457654,-8.38228734210134e-05,-8.38227570056915e-05,0,0,0,0.260656273525988,-0.00156433243651098,0.0021430860939102
280,0,0,0,0,0,0.00308821210637689,-0.00117351906374097,-0.00117351883091033,0,0,0,20,0.0002205865457654,-8.38227570056915e-05,-8.38227570056915e-05,0,0,0,0.260656273525988,-0.00156433243651098,0.0021430860939102
300,0,0,0,0,0,0.00330879865214229,-0.00125734182074666,-0.00125734158791602,0,0,0,20,0.0002205865457654,-8.38227570056915e-05,-8.38227570056915e-05,0,0,0,0.260656273525988,-0.00156433243651098,0.0021430860939102
320,0,0,0,0,0,0.00352938519790769,-0.00134116457775235,-0.00134116434492171,0,0,0,20,0.000220586778596044,-8.38228734210134e-05,-8.38229898363352e-05,0,0,0,0.260656273525988,-0.00156433243651098,0.0021430860939102
340,0,0,0,0,0,0.00374997197650373,-0.00142498745117337,-0.00142498733475804,0,0,0,20,0.000220586312934756,-8.38227570056915e-05,-8.38227570056915e-05,0,0,0,0.260656273525988,-0.00156433243651098,0.0021430860939102
360,0,0,0,0,0,0.00397055828943849,-0.00150881020817906,-0.00150881009176373,0,0,0,20,0.000220788642764091,-8.39238055050373e-05,-8.39238055050373e-05,0,0,0,0.260656273525988,-0.00156433243651098,0.0021430860939102
380,0,0,0,0,0,0.00419134693220258,-0.00159273401368409,-0.00159273389726877,0,0,0,20,0.000223169103264809,-8.51127551868558e-05,-8.51151999086142e-05,-1.00810797210027e-10,0,0,0.260656273525988,-0.00156433243651098,0.0021430860939102
400,0,0,0,0,0,0.00441451603546739,-0.00167784676887095,-0.00167784909717739,-1.00810797210027e-10,0,0,20,0.00023166136816144,-8.93354881554842e-05,-8.93843825906515e-05,-1.93498384676305e-09,0,0,0.260656273525988,-0.00156433243651098,0.0021430860939102
420,0,0,0,0,0,0.00464617740362883,-0.00176718225702643,-0.00176723347976804,-2.03579464397308e-09,0,0,20,0.000250481069087982,-9.85631486400962e-05,-9.89746768027544e-05,-1.37319355886234e-08,0,0,0.260656273525988,-0.00156433243651098,0.0021430860939102
440,0,0,0,0,0,0.00489665847271681,-0.00186574540566653,-0.00186620815657079,-1.57677302325965e-08,0,0,20,0.000281500164419413,-0.000113251502625644,-0.000115304021164775,-4.98269603355084e-08,0,0,0.260656273525988,-0.00156433243651098,0.0021430860939102
460,0,0,0,0,0,0.00517815863713622,-0.00197899690829217,-0.00198151217773557,-6.55946905681049e-08,0,0,20,0.000323801301419735,-0.000131667358800769,-0.000139185693114996,-1.16416828177535e-07,0,0,0.260656273525988,-0.00156433243651098,0.0021430860939102
480,0,0,0,0,0,0.00550195993855596,-0.00211066426709294,-0.00212069787085056,-1.82011518745639e-07,0,0,20,0.000372395850718021,-0.00015016901306808,-0.000169274862855673,-2.23139551280838e-07,0,0,0.260656273525988,-0.00156433243651098,0.0021430860939102
500,0,0,0,0,0,0.00587435578927398,-0.00226083328016102,-0.00228997273370624,-4.05151070026477e-07,0,0,20,0.000424973666667938,-0.000166643876582384,-0.000205374090000987,-3.60947524313815e-07,0,0,0.260656273525988,-0.00156433243651098,0.0021430860939102
520,0,0,0,0,0,0.00629932945594192,-0.00242747715674341,-0.00249534682370722,-7.66098594340292e-07,0,0,20,0.000481024384498596,-0.00018049543723464,-0.00024757138453424,-6.14981274793536e-07,0,0,0.260656273525988,-0.00156433243651098,0.0021430860939102
540,0,0,0,0,0,0.00678035384044051,-0.00260797259397805,-0.00274291820824146,-1.38107986913383e-06,0,0,20,0.000540762208402157,-0.000192045932635665,-0.000295760110020638,-1.13325916117901e-06,0,0,0.260656273525988,-0.00156433243651098,0.0021430860939102
560,0,0,0,0,0,0.00732111604884267,-0.00280001852661371,-0.0030386783182621,-2.51433903031284e-06,0,0,20,0.000604239758104086,-0.000201871385797858,-0.000349416397511959,-2.03562831302406e-06,0,0,0.260656273525988,-0.00156433243651098,0.0021430860939102
580,0,0,0,0,0,0.00792535580694675,-0.00300188991241157,-0.00338809471577406,-4.5499673433369e-06,0,0,20,0.000672130845487118,-0.000210675876587629,-0.000408508349210024,-3.05208641293575e-06,0,0,0.260656273525988,-0.00156433243651098,0.0021430860939102
600,0,0,0,0,0,0.00859748665243387,-0.0032125657889992,-0.00379660306498408,-7.60205375627265e-06,0,0,20,0.000748875550925732,-0.000220134621486068,-0.000475802458822727,-2.84745374301565e-06,0,0,0.260656273525988,-0.00156433243651098,0.0021430860939102
620,0,0,0,0,0,0.0093463622033596,-0.00343270041048527,-0.00427240552380681,-1.04495074992883e-05,0,0,20,0.00084642693400383,-0.000234631123021245,-0.000558862928301096,6.39720383333042e-07,0,0,0.260656273525988,-0.00156433243651098,0.0021430860939102
640,0,0,0,0,0,0.0101927891373634,-0.00366733153350651,-0.00483126845210791,-9.80978711595526e-06,0,0,20,0.000980968587100506,-0.000260467873886228,-0.000667576212435961,8.16584656604391e-06,0,0,0.260656273525988,-0.00156433243651098,0.0021430860939102
0,0,0,0,0,0,0,0,0,0,0,0,20,6.83818943798542e-05,6.83818943798542e-05,-8.38227715576068e-05,0.000116279072244652,0,0,0.260656273525988,-0.00156433243651098,0.0021430860939102
10,10,0,10,0,0,6.83818943798542e-05,6.83818943798542e-05,-8.38227715576068e-05,0.000116279072244652,0,0,20,6.83818943798542e-05,6.83818943798542e-05,-8.38227715576068e-05,0.000116279072244652,0,0,0.260656273525988,-0.00156433243651098,0.0021430860939102
20,20,0,20,0,0,0.000136763788759708,0.000136763788759708,-0.000167645543115214,0.000232558144489303,0,0,20,6.83818943798542e-05,6.83818943798542e-05,-8.3822786109522e-05,0.000116279057692736,0,0,0.260656273525988,-0.00156433243651098,0.0021430860939102
30,30,0,30,0,0,0.000205145683139563,0.000205145683139563,-0.000251468329224735,0.00034883720218204,0,0,20,6.83818943798542e-05,6.83818943798542e-05,-8.38227570056915e-05,0.000116279086796567,0,0,0.260656273525988,-0.00156433243651098,0.0021430860939102
40,40,0,40,0,0,0.000273527577519417,0.000273527577519417,-0.000335291086230427,0.000465116288978606,0,0,20,6.83818943798542e-05,6.83818943798542e-05,-8.38228152133524e-05,0.000116279057692736,0,0,0.260656273525988,-0.00156433243651098,0.0021430860939102
50,50,0,50,0,0,0.000341909471899271,0.000341909471899271,-0.000419113901443779,0.000581395346671343,0,0,20,6.83818943798542e-05,6.83818943798542e-05,-8.38227570056915e-05,0.000116279057692736,0,0,0.260656273525988,-0.00156433243651098,0.0021430860939102
60,60,0,60,0,0,0.000410291366279125,0.000410291366279125,-0.000502936658449471,0.000697674404364079,0,0,20,6.83819234836847e-05,6.83819234836847e-05,-8.38227570056915e-05,0.000116279057692736,0,0,0.260656273525988,-0.00156433243651098,0.0021430860939102
70,70,0,70,0,0,0.00047867328976281,0.00047867328976281,-0.000586759415455163,0.000813953462056816,0,0,20,6.83818652760237e-05,6.83818652760237e-05,-8.38227570056915e-05,0.000116279115900397,0,0,0.260656273525988,-0.00156433243651098,0.0021430860939102
80,80,0,80,0,0,0.000547055155038834,0.000547055155038834,-0.000670582172460854,0.000930232577957213,0,0,20,6.83818943798542e-05,6.83818943798542e-05,-8.38228734210134e-05,0.000116278999485075,0,0,0.260656273525988,-0.00156433243651098,0.0021430860939102
90,90,0,90,0,0,0.000615437049418688,0.000615437049418688,-0.000754405045881867,0.00104651157744229,0,0,20,6.83818943798542e-05,6.83818943798542e-05,-8.38227570056915e-05,0.000116279115900397,0,0,0.260656273525988,-0.00156433243651098,0.0021430860939102
100,100,0,100,0,0,0.000683818943798542,0.000683818943798542,-0.000838227802887559,0.00116279069334269,0,0,20,6.83818943798542e-05,6.83818943798542e-05,-8.38227570056915e-05,0.000116279115900397,0,0,0.260656273525988,-0.00156433243651098,0.0021430860939102
110,110,0,110,0,0,0.000752200838178396,0.000752200838178396,-0.00092205055989325,0.00127906980924308,0,0,20,6.83818943798542e-05,6.83818943798542e-05,-8.38227570056915e-05,0.000116278999485075,0,0,0.260656273525988,-0.00156433243651098,0.0021430860939102
120,120,0,120,0,0,0.00082058273255825,0.00082058273255825,-0.00100587331689894,0.00139534880872816,0,0,20,6.83819525875151e-05,6.83819525875151e-05,-8.38227570056915e-05,0.000116279115900397,0,0,0.260656273525988,-0.00156433243651098,0.0021430860939102
130,130,0,130,0,0,0.000888964685145766,0.000888964685145766,-0.00108969607390463,0.00151162792462856,0,0,20,6.83818943798542e-05,6.83818943798542e-05,-8.38227570056915e-05,0.000116278999485075,0,0,0.260656273525988,-0.00156433243651098,0.0021430860939102
140,140,0,140,0,0,0.00095734657952562,0.00095734657952562,-0.00117351883091033,0.00162790692411363,0,0,20,6.83818361721933e-05,6.83818361721933e-05,-8.38227570056915e-05,0.000116279115900397,0,0,0.260656273525988,-0.00156433243651098,0.0021430860939102
150,150,0,150,0,0,0.00102572841569781,0.00102572841569781,-0.00125734158791602,0.00174418604001403,0,0,20,6.83818943798542e-05,6.83818943798542e-05,-8.38227570056915e-05,0.000116279115900397,0,0,0.260656273525988,-0.00156433243651098,0.0021430860939102
160,160,0,160,0,0,0.00109411031007767,0.00109411031007767,-0.00134116434492171,0.00186046515591443,0,0,20,6.83818943798542e-05,6.83818943798542e-05,-8.38229898363352e-05,0.000116279115900397,0,0,0.260656273525988,-0.00156433243651098,0.0021430860939102
170,170,0,170,0,0,0.00116249220445752,0.00116249220445752,-0.00142498733475804,0.00197674427181482,0,0,20,6.83818943798542e-05,6.83818943798542e-05,-8.38227570056915e-05,0.000116278883069754,0,0,0.260656273525988,-0.00156433243651098,0.0021430860939102
180,180,0,180,0,0,0.00123087409883738,0.00123087409883738,-0.00150881009176373,0.00209302315488458,0,0,20,6.84324186295271e-05,6.84324186295271e-05,-8.39239219203591e-05,0.000116380164399743,0,0,0.260656273525988,-0.00156433243651098,0.0021430860939102
190,190,0,190,0,0,0.0012993065174669,0.0012993065174669,-0.00159273401368409,0.00220940331928432,0,0,20,6.90305605530739e-05,6.90306769683957e-05,-8.51202057674527e-05,0.000117576448246837,0,0,0.260656273525988,-0.00156433243651098,0.0021430860939102
200,200,0,200,0,0,0.00136833707801998,0.0013683371944353,-0.00167785421945155,0.00232697976753116,0,0,20,7.1211252361536e-05,7.12124165147543e-05,-8.94826371222734e-05,0.000121938996016979,0,0,0.260656273525988,-0.00156433243651098,0.0021430860939102
210,210,0,210,0,0,0.00143954833038151,0.00143954961095005,-0.00176733685657382,0.00244891876354814,0,0,20,7.63232819736004e-05,7.63337593525648e-05,-9.97167080640793e-05,0.000132172368466854,0,0,0.260656273525988,-0.00156433243651098,0.0021430860939102
220,220,0,220,0,0,0.00151587161235511,0.00151588337030262,-0.0018670535646379,0.00258109113201499,0,0,20,8.56387196108699e-05,8.56899423524737e-05,-0.000118389027193189,0.000150843756273389,0,0,0.260656273525988,-0.00156433243651098,0.0021430860939102
230,230,0,230,0,0,0.00160151033196598,0.00160157331265509,-0.00198544259183109,0.00273193488828838,0,0,20,0.000100089004263282,0.000100250588729978,-0.000147402985021472,0.000179855152964592,0,0,0.260656273525988,-0.00156433243651098,0.0021430860939102
240,240,0,240,0,0,0.00170159933622926,0.00170182390138507,-0.00213284557685256,0.00291179004125297,0,0,20,0.000119801028631628,0.000120212091132998,-0.000187080819159746,0.000219528330489993,0,0,0.260656273525988,-0.00156433243651098,0.0021430860939102
250,250,0,250,0,0,0.00182140036486089,0.00182203599251807,-0.00231992639601231,0.00313131837174296,0,0,20,0.00014339410699904,0.0001442008651793,-0.000234669540077448,0.000267110066488385,0,0,0.260656273525988,-0.00156433243651098,0.0021430860939102
260,260,0,260,0,0,0.00196479447185993,0.00196623685769737,-0.00255459593608975,0.00339842843823135,0,0,20,0.0001705854665488,0.000171841587871313,-0.000289511866867542,0.000321942614391446,0,0,0.260656273525988,-0.00156433243651098,0.0021430860939102
270,270,0,270,0,0,0.00213537993840873,0.00213807844556868,-0.0028441078029573,0.0037203710526228,0,0,20,0.000200879760086536,0.000202464638277888,-0.000350440153852105,0.000382859259843826,0,0,0.260656273525988,-0.00156433243651098,0.0021430860939102
280,280,0,280,0,0,0.00233625969849527,0.00234054308384657,-0.0031945479568094,0.00410323031246662,0,0,20,0.000234057661145926,0.000235726591199636,-0.000416893744841218,0.000449299812316895,0,0,0.260656273525988,-0.00156433243651098,0.0021430860939102
290,290,0,290,0,0,0.00257031735964119,0.00257626967504621,-0.00361144170165062,0.00455253012478352,0,0,20,0.000270423013716936,0.000272010220214725,-0.000489557161927223,0.00052194856107235,0,0,0.260656273525988,-0.00156433243651098,0.0021430860939102
300,300,0,300,0,0,0.00284074037335813,0.00284827989526093,-0.00410099886357784,0.00507447868585587,0,0,20,0.000311084557324648,0.000312689691781998,-0.000570913776755333,0.000603328924626112,0,0,0.260656273525988,-0.00156433243651098,0.0021430860939102
310,310,0,310,0,0,0.00315182493068278,0.00316096958704293,-0.00467191264033318,0.00567780761048198,0,0,20,0.000358105171471834,0.000360016478225589,-0.000665276311337948,0.000698163639754057,0,0,0.260656273525988,-0.00156433243651098,0.0021430860939102
320,320,0,320,0,0,0.00350993010215461,0.00352098606526852,-0.00533718895167112,0.00637597125023603,0,0,20,0.000414544949308038,0.000416773837059736,-0.000778481364250183,0.000813367776572704,0,0,0.260656273525988,-0.00156433243651098,0.0021430860939102
0,0,0,0,0,0,0,0,0,0,0,0,20,-8.3822786109522e-05,0.00022058657486923,-8.38227715576068e-05,0,0,0,0.260656273525988,-0.00156433243651098,0.0021430860939102
0,20,0,0,0,0,-8.3822786109522e-05,0.00022058657486923,-8.38227715576068e-05,0,0,0,20,-8.3822786109522e-05,0.00022058657486923,-8.38227715576068e-05,0,0,0,0.260656273525988,-0.00156433243651098,0.0021430860939102
0,40,0,0,0,0,-0.000167645572219044,0.000441173149738461,-0.000167645543115214,0,0,0,20,-8.3822786109522e-05,0.000220586603973061,-8.3822786109522e-05,0,0,0,0.260656273525988,-0.00156433243651098,0.0021430860939102
0,60,0,0,0,0,-0.000251468358328566,0.000661759753711522,-0.000251468329224735,0,0,0,20,-8.3822786109522e-05,0.0002205865457654,-8.38227570056915e-05,0,0,0,0.260656273525988,-0.00156433243651098,0.0021430860939102
0,80,0,0,0,0,-0.000335291144438088,0.000882346299476922,-0.000335291086230427,0,0,0,20,-8.3822786109522e-05,0.000220586662180722,-8.38228152133524e-05,0,0,0,0.260656273525988,-0.00156433243651098,0.0021430860939102
0,100,0,0,0,0,-0.00041911393054761,0.00110293296165764,-0.000419113901443779,0,0,0,20,-8.3822786109522e-05,0.0002205865457654,-8.38227570056915e-05,0,0,0,0.260656273525988,-0.00156433243651098,0.0021430860939102
0,120,0,0,0,0,-0.000502936716657132,0.00132351950742304,-0.000502936658449471,0,0,0,20,-8.38228152133524e-05,0.0002205865457654,-8.38227570056915e-05,0,0,0,0.260656273525988,-0.00156433243651098,0.0021430860939102
0,140,0,0,0,0,-0.000586759531870484,0.00154410605318844,-0.000586759415455163,0,0,0,20,-8.38227570056915e-05,0.0002205865457654,-8.38227570056915e-05,0,0,0,0.260656273525988,-0.00156433243651098,0.0021430860939102
0,160,0,0,0,0,-0.000670582288876176,0.00176469259895384,-0.000670582172460854,0,0,0,20,-8.38228152133524e-05,0.0002205865457654,-8.38228734210134e-05,0,0,0,0.260656273525988,-0.00156433243651098,0.0021430860939102
0,180,0,0,0,0,-0.000754405104089528,0.00198527914471924,-0.000754405045881867,0,0,0,20,-8.38227570056915e-05,0.000220586778596044,-8.38227570056915e-05,0,0,0,0.260656273525988,-0.00156433243651098,0.0021430860939102
0,200,0,0,0,0,-0.00083822786109522,0.00220586592331529,-0.000838227802887559,0,0,0,20,-8.38228152133524e-05,0.0002205865457654,-8.38227570056915e-05,0,0,0,0.260656273525988,-0.00156433243651098,0.0021430860939102
0,220,0,0,0,0,-0.000922050676308572,0.00242645246908069,-0.00092205055989325,0,0,0,20,-8.38227570056915e-05,0.0002205865457654,-8.38227570056915e-05,0,0,0,0.260656273525988,-0.00156433243651098,0.0021430860939102
0,240,0,0,0,0,-0.00100587343331426,0.00264703901484609,-0.00100587331689894,0,0,0,20,-8.38227570056915e-05,0.0002205865457654,-8.38227570056915e-05,0,0,0,0.260656273525988,-0.00156433243651098,0.0021430860939102
0,260,0,0,0,0,-0.00108969619031996,0.00286762556061149,-0.00108969607390463,0,0,0,20,-8.38228734210134e-05,0.0002205865457654,-8.38227570056915e-05,0,0,0,0.260656273525988,-0.00156433243651098,0.0021430860939102
0,280,0,0,0,0,-0.00117351906374097,0.00308821210637689,-0.00117351883091033,0,0,0,20,-8.38227570056915e-05,0.0002205865457654,-8.38227570056915e-05,0,0,0,0.260656273525988,-0.00156433243651098,0.0021430860939102
0,300,0,0,0,0,-0.00125734182074666,0.00330879865214229,-0.00125734158791602,0,0,0,20,-8.38227570056915e-05,0.0002205865457654,-8.38227570056915e-05,0,0,0,0.260656273525988,-0.00156433243651098,0.0021430860939102
0,320,0,0,0,0,-0.00134116457775235,0.00352938519790769,-0.00134116434492171,0,0,0,20,-8.38228734210134e-05,0.000220586778596044,-8.38229898363352e-05,0,0,0,0.260656273525988,-0.00156433243651098,0.0021430860939102
0,340,0,0,0,0,-0.00142498745117337,0.00374997197650373,-0.00142498733475804,0,0,0,20,-8.38227570056915e-05,0.000220586312934756,-8.38227570056915e-05,0,0,0,0.260656273525988,-0.00156433243651098,0.0021430860939102
0,360,0,0,0,0,-0.00150881020817906,0.00397055828943849,-0.00150881009176373,0,0,0,20,-8.39238055050373e-05,0.000220788642764091,-8.39239219203591e-05,0,0,0,0.260656273525988,-0.00156433243651098,0.0021430860939102
0,380,0,0,0,0,-0.00159273401368409,0.00419134693220258,-0.00159273401368409,0,0,0,20,-8.51131044328213e-05,0.000223170034587383,-8.51160148158669e-05,-1.37094835483964e-10,0,0,0.260656273525988,-0.00156433243651098,0.0021430860939102
0,400,0,0,0,0,-0.00167784711811692,0.00441451696678996,-0.00167785002849996,-1.37094835483964e-10,0,0,20,-8.93407268449664e-05,0.000231677200645208,-8.93963733687997e-05,-2.70905869959037e-09,0,0,0.260656273525988,-0.00156433243651098,0.0021430860939102
0,420,0,0,0,0,-0.00176718784496188,0.00464619416743517,-0.00176724640186876,-2.84615353507434e-09,0,0,20,-9.86045924946666e-05,0.00025060772895813,-9.9064433015883e-05,-2.0585618543123e-08,0,0,0.260656273525988,-0.00156433243651098,0.0021430860939102
0,440,0,0,0,0,-0.00186579243745655,0.0048968018963933,-0.00186631083488464,-2.34317720781974e-08,0,0,20,-0.00011344940867275,0.000282123684883118,-0.00011573894880712,-7.64680070375334e-08,0,0,0.260656273525988,-0.00156433243651098,0.0021430860939102
0,460,0,0,0,0,-0.0019792418461293,0.00517892558127642,-0.00198204978369176,-9.98997791157308e-08,0,0,20,-0.000132214045152068,0.00032553868368268,-0.000140395713970065,-1.70864581150454e-07,0,0,0.260656273525988,-0.00156433243651098,0.0021430860939102
0,480,0,0,0,0,-0.00211145589128137,0.0055044642649591,-0.00212244549766183,-2.70764360266185e-07,0,0,20,-0.000151409767568111,0.000376631505787373,-0.000172301195561886,-3.89712511150719e-07,0,0,0.260656273525988,-0.00156433243651098,0.0021430860939102
0,500,0,0,0,0,-0.00226286565884948,0.00588109577074647,-0.00229474669322371,-6.60476871416904e-07,0,0,20,-0.000168835977092385,0.000433030538260937,-0.000211286125704646,-6.6464156134316e-07,0,0,0.260656273525988,-0.00156433243651098,0.0021430860939102
0,520,0,0,0,0,-0.00243170163594186,0.00631412630900741,-0.00250603281892836,-1.32511843276006e-06,0,0,20,-0.000183976255357265,0.000494439154863358,-0.000257570529356599,-9.67843902799359e-07,0,0,0.260656273525988,-0.00156433243651098,0.0021430860939102
0,540,0,0,0,0,-0.00261567789129913,0.00680856546387076,-0.00276360334828496,-2.29296233555942e-06,0,0,20,-0.000197401968762279,0.000561488326638937,-0.000311214011162519,-1.39150233735563e-06,0,0,0.260656273525988,-0.00156433243651098,0.0021430860939102
0,560,0,0,0,0,-0.00281307986006141,0.0073700537905097,-0.00307481735944748,-3.68446467291506e-06,0,0,20,-0.000210278201848269,0.000635812059044838,-0.000372690847143531,-2.10005077860842e-06,0,0,0.260656273525988,-0.00156433243651098,0.0021430860939102
0,580,0,0,0,0,-0.00302335806190968,0.00800586584955454,-0.00344750820659101,-5.78451545152348e-06,0,0,20,-0.000224027084186673,0.00072045810520649,-0.000443624099716544,-3.28167971019866e-06,0,0,0.260656273525988,-0.00156433243651098,0.0021430860939102
0,600,0,0,0,0,-0.00324738514609635,0.00872632395476103,-0.00389113230630755,-9.06619516172213e-06,0,0,20,-0.000240339897572994,0.000820287503302097,-0.0005271858535707,-5.14957628183765e-06,0,0,0.260656273525988,-0.00156433243651098,0.0021430860939102
0,620,0,0,0,0,-0.00348772504366934,0.00954661145806313,-0.00441831815987825,-1.42157714435598e-05,0,0,20,-0.000262433663010597,0.000943494029343128,-0.000628349371254444,-7.85068550612777e-06,0,0,0.260656273525988,-0.00156433243651098,0.0021430860939102
0,640,0,0,0,0,-0.00375015870667994,0.0104901054874063,-0.0050466675311327,-2.20664569496876e-05,0,0,20,-0.000295341713353992,0.00110284797847271,-0.000754852779209614,-1.11954013846116e-05,0,0,0.260656273525988,-0.00156433243651098,0.0021430860939102
0,0,0,0,0,0,0,0,0,0,0,0,20,0.00022058657486923,-8.3822786109522e-05,-8.38227715576068e-05,0,0,0,0.368236426620297,0.327092457548412,-0.000987297265568963
20,0,0,0,0,0,0.00022058657486923,-8.3822786109522e-05,-8.38227715576068e-05,0,0,0,20,0.00022058657486923,-8.3822786109522e-05,-8.38227715576068e-05,0,0,0,0.368236426620297,0.327092457548412,-0.000987297265568963
40,0,0,0,0,0,0.000441173149738461,-0.000167645572219044,-0.000167645543115214,0,0,0,20,0.000220586603973061,-8.3822786109522e-05,-8.3822786109522e-05,0,0,0,0.368236426620297,0.327092457548412,-0.000987297265568963
60,0,0,0,0,0,0.000661759753711522,-0.000251468358328566,-0.000251468329224735,0,0,0,20,0.0002205865457654,-8.3822786109522e-05,-8.38227570056915e-05,0,0,0,0.368236426620297,0.327092457548412,-0.000987297265568963
80,0,0,0,0,0,0.000882346299476922,-0.000335291144438088,-0.000335291086230427,0,0,0,20,0.000220586662180722,-8.3822786109522e-05,-8.38228152133524e-05,0,0,0,0.368236426620297,0.327092457548412,-0.000987297265568963
100,0,0,0,0,0,0.00110293296165764,-0.00041911393054761,-0.000419113901443779,0,0,0,20,0.0002205865457654,-8.3822786109522e-05,-8.38227570056915e-05,0,0,0,0.368236426620297,0.327092457548412,-0.000987297265568963
120,0,0,0,0,0,0.00132351950742304,-0.000502936716657132,-0.000502936658449471,0,0,0,20,0.0002205865457654,-8.38228152133524e-05,-8.38227570056915e-05,0,0,0,0.368236426620297,0.327092457548412,-0.000987297265568963
140,0,0,0,0,0,0.00154410605318844,-0.000586759531870484,-0.000586759415455163,0,0,0,20,0.0002205865457654,-8.38227570056915e-05,-8.38227570056915e-05,0,0,0,0.368236426620297,0.327092457548412,-0.000987297265568963
160,0,0,0,0,0,0.00176469259895384,-0.000670582288876176,-0.000670582172460854,0,0,0,20,0.0002205865457654,-8.38228152133524e-05,-8.38228734210134e-05,0,0,0,0.368236426620297,0.327092457548412,-0.000987297265568963
180,0,0,0,0,0,0.00198527914471924,-0.000754405104089528,-0.000754405045881867,0,0,0,20,0.000220586778596044,-8.38227570056915e-05,-8.38227570056915e-05,0,0,0,0.368236426620297,0.327092457548412,-0.000987297265568963
200,0,0,0,0,0,0.00220586592331529,-0.00083822786109522,-0.000838227802887559,0,0,0,20,0.0002205865457654,-8.38228152133524e-05,-8.38227570056915e-05,0,0,0,0.368236426620297,0.327092457548412,-0.000987297265568963
220,0,0,0,0,0,0.00242645246908069,-0.000922050676308572,-0.00092205055989325,0,0,0,20,0.0002205865457654,-8.38227570056915e-05,-8.38227570056915e-05,0,0,0,0.368236426620297,0.327092457548412,-0.000987297265568963
240,0,0,0,0,0,0.00264703901484609,-0.00100587343331426,-0.00100587331689894,0,0,0,20,0.0002205865457654,-8.38227570056915e-05,-8.38227570056915e-05,0,0,0,0.368236426620297,0.327092457548412,-0.000987297265568963
260,0,0,0,0,0,0.00286762556061149,-0.00108969619031996,-0.00108969607390463,0,0,0,20,0.0002205865457654,-8.38228734210134e-05,-8.38227570056915e-05,0,0,0,0.368236426620297,0.327092457548412,-0.000987297265568963
280,0,0,0,0,0,0.00308821210637689,-0.00117351906374097,-0.00117351883091033,0,0,0,20,0.0002205865457654,-8.38227570056915e-05,-8.38227570056915e-05,0,0,0,0.368236426620297,0.327092457548412,-0.000987297265568963
300,0,0,0,0,0,0.00330879865214229,-0.00125734182074666,-0.00125734158791602,0,0,0,20,0.0002205865457654,-8.38227570056915e-05,-8.38227570056915e-05,0,0,0,0.368236426620297,0.327092457548412,-0.000987297265568963
320,0,0,0,0,0,0.00352938519790769,-0.00134116457775235,-0.00134116434492171,0,0,0,20,0.000220586778596044,-8.38228734210134e-05,-8.38229898363352e-05,0,0,0,0.368236426620297,0.327092457548412,-0.000987297265568963
340,0,0,0,0,0,0.00374997197650373,-0.00142498745117337,-0.00142498733475804,0,0,0,20,0.000220586312934756,-8.38227570056915e-05,-8.38227570056915e-05,0,0,0,0.368236426620297,0.327092457548412,-0.000987297265568963
360,0,0,0,0,0,0.00397055828943849,-0.00150881020817906,-0.00150881009176373,0,0,0,20,0.000220791902393103,-8.39252024888992e-05,-8.39253189042211e-05,0,0,0,0.368236426620297,0.327092457548412,-0.000987297265568963
380,0,0,0,0,0,0.00419135019183159,-0.00159273541066796,-0.00159273541066796,0,0,0,20,0.000223194248974323,-8.51269578561187e-05,-8.5126725025475e-05,4.17978256173068e-11,0,0,0.368236426620297,0.327092457548412,-0.000987297265568963
400,0,0,0,0,0,0.00441454444080591,-0.00167786236852407,-0.00167786213569343,4.17978256173068e-11,0,0,20,0.000231585931032896,-8.93240794539452e-05,-8.93210526555777e-05,8.15337037468611e-10,0,0,0.368236426620297,0.327092457548412,-0.000987297265568963
420,0,0,0,0,0,0.00464613037183881,-0.00176718644797802,-0.00176718318834901,8.57134863085918e-10,0,0,20,0.000249097589403391,-9.80906188488007e-05,-9.80667537078261e-05,6.01508837183573e-09,0,0,0.368236426620297,0.327092457548412,-0.000987297265568963
440,0,0,0,0,0,0.0048952279612422,-0.00186527706682682,-0.00186524994205683,6.87222323492165e-09,0,0,20,0.000274520833045244,-0.000110834604129195,-0.00011074694339186,2.39571638083191e-08,0,0,0.368236426620297,0.327092457548412,-0.000987297265568963
460,0,0,0,0,0,0.00516974879428744,-0.00197611167095602,-0.00197599688544869,3.08293870432408e-08,0,0,20,0.000301738269627094,-0.000124497571960092,-0.000124303391203284,6.13373281055374e-08,0,0,0.368236426620297,0.327092457548412,-0.000987297265568963
480,0,0,0,0,0,0.00547148706391454,-0.00210060924291611,-0.00210030027665198,9.21667151487782e-08,0,0,20,0.000324495136737823,-0.000135926296934485,-0.000135632464662194,1.14971797415819e-07,0,0,0.368236426620297,0.327092457548412,-0.000987297265568963
500,0,0,0,0,0,0.00579598220065236,-0.00223653553985059,-0.00223593274131417,2.07138512564597e-07,0,0,20,0.000340416561812162,-0.000143905635923147,-0.000143575482070446,1.75943043245752e-07,0,0,0.368236426620297,0.327092457548412,-0.000987297265568963
520,0,0,0,0,0,0.00613639876246452,-0.00238044117577374,-0.00237950822338462,3.8308155581035e-07,0,0,20,0.000350374262779951,-0.000148863298818469,-0.000148575752973557,2.38197628732451e-07,0,0,0.368236426620297,0.327092457548412,-0.000987297265568963
540,0,0,0,0,0,0.00648677302524447,-0.00252930447459221,-0.00252808397635818,6.212791845428e-07,0,0,20,0.000356236007064581,-0.000151739688590169,-0.000151562038809061,3.00129329389165e-07,0,0,0.368236426620297,0.327092457548412,-0.000987297265568963
560,0,0,0,0,0,0.00684300903230906,-0.00268104416318238,-0.00267964601516724,9.21408513931965e-07,0,0,20,0.00035960553213954,-0.000153346918523312,-0.000153324566781521,3.62011292054376e-07,0,0,0.368236426620297,0.327092457548412,-0.000987297265568963
580,0,0,0,0,0,0.0072026145644486,-0.00283439108170569,-0.00283297058194876,1.28341980598634e-06,0,0,20,0.000361581798642874,-0.000154229812324047,-0.000154417240992188,4.21981667386717e-07,0,0,0.368236426620297,0.327092457548412,-0.000987297265568963
600,0,0,0,0,0,0.00756419636309147,-0.00298862089402974,-0.00298738782294095,1.70540147337306e-06,0,0,20,0.000362969934940338,-0.000154750887304544,-0.000155284767970443,4.82173390992102e-07,0,0,0.368236426620297,0.327092457548412,-0.000987297265568963
620,0,0,0,0,0,0.00792716629803181,-0.00314337178133428,-0.00314267259091139,2.18757486436516e-06,0,0,20,0.000365314073860645,-0.000155570916831493,-0.000156808411702514,5.43478108738782e-07,0,0,0.368236426620297,0.327092457548412,-0.000987297265568963
640,0,0,0,0,0,0.00829248037189245,-0.00329894269816577,-0.0032994810026139,2.73105297310394e-06,0,0,20,0.000373639166355133,-0.000159071525558829,-0.000161631731316447,6.02073214395205e-07,0,0,0.368236426620297,0.327092457548412,-0.000987297265568963
0,0,0,0,0,0,0,0,0,0,0,0,20,6.83818943798542e-05,6.83818943798542e-05,-8.38227715576068e-05,0.000116279072244652,0,0,0.368236426620297,0.327092457548412,-0.000987297265568963
10,10,0,10,0,0,6.83818943798542e-05,6.83818943798542e-05,-8.38227715576068e-05,0.000116279072244652,0,0,20,6.83818943798542e-05,6.83818943798542e-05,-8.38227715576068e-05,0.000116279072244652,0,0,0.368236426620297,0.327092457548412,-0.000987297265568963
20,20,0,20,0,0,0.000136763788759708,0.000136763788759708,-0.000167645543115214,0.000232558144489303,0,0,20,6.83818943798542e-05,6.83818943798542e-05,-8.3822786109522e-05,0.000116279057692736,0,0,0.368236426620297,0.327092457548412,-0.000987297265568963
30,30,0,30,0,0,0.000205145683139563,0.000205145683139563,-0.000251468329224735,0.00034883720218204,0,0,20,6.83818943798542e-05,6.83818943798542e-05,-8.38227570056915e-05,0.000116279086796567,0,0,0.368236426620297,0.327092457548412,-0.000987297265568963
40,40,0,40,0,0,0.000273527577519417,0.000273527577519417,-0.000335291086230427,0.000465116288978606,0,0,20,6.83818943798542e-05,6.83818943798542e-05,-8.38228152133524e-05,0.000116279057692736,0,0,0.368236426620297,0.327092457548412,-0.000987297265568963
50,50,0,50,0,0,0.000341909471899271,0.000341909471899271,-0.000419113901443779,0.000581395346671343,0,0,20,6.83818943798542e-05,6.83818943798542e-05,-8.38227570056915e-05,0.000116279057692736,0,0,0.368236426620297,0.327092457548412,-0.000987297265568963
60,60,0,60,0,0,0.000410291366279125,0.000410291366279125,-0.000502936658449471,0.000697674404364079,0,0,20,6.83819234836847e-05,6.83819234836847e-05,-8.38227570056915e-05,0.000116279057692736,0,0,0.368236426620297,0.327092457548412,-0.000987297265568963
70,70,0,70,0,0,0.00047867328976281,0.00047867328976281,-0.000586759415455163,0.000813953462056816,0,0,20,6.83818652760237e-05,6.83818652760237e-05,-8.38227570056915e-05,0.000116279115900397,0,0,0.368236426620297,0.327092457548412,-0.000987297265568963
80,80,0,80,0,0,0.000547055155038834,0.000547055155038834,-0.000670582172460854,0.000930232577957213,0,0,20,6.83818943798542e-05,6.83818943798542e-05,-8.38228734210134e-05,0.000116278999485075,0,0,0.368236426620297,0.327092457548412,-0.000987297265568963
90,90,0,90,0,0,0.000615437049418688,0.000615437049418688,-0.000754405045881867,0.00104651157744229,0,0,20,6.83818943798542e-05,6.83818943798542e-05,-8.38227570056915e-05,0.000116279115900397,0,0,0.368236426620297,0.327092457548412,-0.000987297265568963
100,100,0,100,0,0,0.000683818943798542,0.000683818943798542,-0.000838227802887559,0.00116279069334269,0,0,20,6.83818943798542e-05,6.83818943798542e-05,-8.38227570056915e-05,0.000116279115900397,0,0,0.368236426620297,0.327092457548412,-0.000987297265568963
110,110,0,110,0,0,0.000752200838178396,0.000752200838178396,-0.00092205055989325,0.00127906980924308,0,0,20,6.83818943798542e-05,6.83818943798542e-05,-8.38227570056915e-05,0.000116278999485075,0,0,0.368236426620297,0.327092457548412,-0.000987297265568963
120,120,0,120,0,0,0.00082058273255825,0.00082058273255825,-0.00100587331689894,0.00139534880872816,0,0,20,6.83819525875151e-05,6.83819525875151e-05,-8.38227570056915e-05,0.000116279115900397,0,0,0.368236426620297,0.327092457548412,-0.000987297265568963
130,130,0,130,0,0,0.000888964685145766,0.000888964685145766,-0.00108969607390463,0.00151162792462856,0,0,20,6.83818943798542e-05,6.83818943798542e-05,-8.38227570056915e-05,0.000116278999485075,0,0,0.368236426620297,0.327092457548412,-0.000987297265568963
140,140,0,140,0,0,0.00095734657952562,0.00095734657952562,-0.00117351883091033,0.00162790692411363,0,0,20,6.83818361721933e-05,6.83818361721933e-05,-8.38227570056915e-05,0.000116279115900397,0,0,0.368236426620297,0.327092457548412,-0.000987297265568963
150,150,0,150,0,0,0.00102572841569781,0.00102572841569781,-0.00125734158791602,0.00174418604001403,0,0,20,6.83818943798542e-05,6.83818943798542e-05,-8.38227570056915e-05,0.000116279115900397,0,0,0.368236426620297,0.327092457548412,-0.000987297265568963
160,160,0,160,0,0,0.00109411031007767,0.00109411031007767,-0.00134116434492171,0.00186046515591443,0,0,20,6.83818943798542e-05,6.83818943798542e-05,-8.38229898363352e-05,0.000116279115900397,0,0,0.368236426620297,0.327092457548412,-0.000987297265568963
170,170,0,170,0,0,0.00116249220445752,0.00116249220445752,-0.00142498733475804,0.00197674427181482,0,0,20,6.83818943798542e-05,6.83818943798542e-05,-8.38227570056915e-05,0.000116278883069754,0,0,0.368236426620297,0.327092457548412,-0.000987297265568963
180,180,0,180,0,0,0.00123087409883738,0.00123087409883738,-0.00150881009176373,0.00209302315488458,0,0,20,6.84332335367799e-05,6.84332335367799e-05,-8.39254353195429e-05,0.000116381561383605,0,0,0.368236426620297,0.327092457548412,-0.000987297265568963
190,190,0,190,0,0,0.00129930733237416,0.00129930733237416,-0.00159273552708328,0.00220940471626818,0,0,20,6.90395245328546e-05,6.90413871780038e-05,-8.51398799568415e-05,0.000117596238851547,0,0,0.368236426620297,0.327092457548412,-0.000987297265568963
200,200,0,200,0,0,0.00136834685690701,0.00136834871955216,-0.00167787540704012,0.00232700095511973,0,0,20,7.12443143129349e-05,7.1281217969954e-05,-8.95848497748375e-05,0.0001220409758389,0,0,0.368236426620297,0.327092457548412,-0.000987297265568963
210,210,0,210,0,0,0.00143959117121994,0.00143962993752211,-0.00176746025681496,0.00244904193095863,0,0,20,7.63677526265383e-05,7.66778830438852e-05,-0.000100105069577694,0.000132560729980469,0,0,0.368236426620297,0.327092457548412,-0.000987297265568963
220,220,0,220,0,0,0.00151595892384648,0.001516307820566,-0.00186756532639265,0.0025816026609391,0,0,20,8.5496692918241e-05,8.70549120008945e-05,-0.000119611155241728,0.000152067048475146,0,0,0.368236426620297,0.327092457548412,-0.000987297265568963
230,230,0,230,0,0,0.00160145561676472,0.00160336273256689,-0.00198717648163438,0.00273366970941424,0,0,20,9.96385933831334e-05,0.000105626066215336,-0.000152321998029947,0.000184779986739159,0,0,0.368236426620297,0.327092457548412,-0.000987297265568963
240,240,0,240,0,0,0.00170109421014786,0.00170898879878223,-0.00213949847966433,0.0029184496961534,0,0,20,0.000115660135634243,0.000131869572214782,-0.000194579362869263,0.000227044802159071,0,0,0.368236426620297,0.327092457548412,-0.000987297265568963
250,250,0,250,0,0,0.0018167543457821,0.00184085837099701,-0.00233407784253359,0.00314549449831247,0,0,20,0.000132094020955265,0.000168910366483033,-0.000248034484684467,0.00028051994740963,0,0,0.368236426620297,0.327092457548412,-0.000987297265568963
260,260,0,260,0,0,0.00194884836673737,0.00200976873748004,-0.00258211232721806,0.0034260144457221,0,0,20,0.000147540122270584,0.000217289896681905,-0.00031182961538434,0.000344345113262534,0,0,0.368236426620297,0.327092457548412,-0.000987297265568963
270,270,0,270,0,0,0.00209638848900795,0.00222705863416195,-0.0028939419426024,0.00377035955898464,0,0,20,0.000160512514412403,0.000278372317552567,-0.000385843915864825,0.000418400159105659,0,0,0.368236426620297,0.327092457548412,-0.000987297265568963
280,280,0,280,0,0,0.00225690100342035,0.00250543095171452,-0.00327978585846722,0.0041887597180903,0,0,20,0.000170827144756913,0.000352827366441488,-0.000470568425953388,0.00050316983833909,0,0,0.368236426620297,0.327092457548412,-0.000987297265568963
290,290,0,290,0,0,0.00242772814817727,0.002858258318156,-0.00375035428442061,0.00469192955642939,0,0,20,0.000179257011041045,0.000441248062998056,-0.000567390350624919,0.00060002040117979,0,0,0.368236426620297,0.327092457548412,-0.000987297265568963
300,300,0,300,0,0,0.00260698515921831,0.00329950638115406,-0.00431774463504553,0.00529194995760918,0,0,20,0.00018743728287518,0.000544365495443344,-0.000678703188896179,0.000711318571120501,0,0,0.368236426620297,0.327092457548412,-0.000987297265568963
310,310,0,310,0,0,0.00279442244209349,0.0038438718765974,-0.00499644782394171,0.00600326852872968,0,0,20,0.000197642249986529,0.000663490500301123,-0.000808129087090492,0.00084071047604084,0,0,0.368236426620297,0.327092457548412,-0.000987297265568963
320,320,0,320,0,0,0.00299206469208002,0.00450736237689853,-0.0058045769110322,0.00684397900477052,0,0,20,0.000211769947782159,0.00080120749771595,-0.000960178673267365,0.000993941444903612,0,0,0.368236426620297,0.327092457548412,-0.000987297265568963
0,0,0,0,0,0,0,0,0,0,0,0,20,-8.3822786109522e-05,0.00022058657486923,-8.38227715576068e-05,0,0,0,0.368236426620297,0.327092457548412,-0.000987297265568963
0,20,0,0,0,0,-8.3822786109522e-05,0.00022058657486923,-8.38227715576068e-05,0,0,0,20,-8.3822786109522e-05,0.00022058657486923,-8.38227715576068e-05,0,0,0,0.368236426620297,0.327092457548412,-0.000987297265568963
0,40,0,0,0,0,-0.000167645572219044,0.000441173149738461,-0.000167645543115214,0,0,0,20,-8.3822786109522e-05,0.000220586603973061,-8.3822786109522e-05,0,0,0,0.368236426620297,0.327092457548412,-0.000987297265568963
0,60,0,0,0,0,-0.000251468358328566,0.000661759753711522,-0.000251468329224735,0,0,0,20,-8.3822786109522e-05,0.0002205865457654,-8.38227570056915e-05,0,0,0,0.368236426620297,0.327092457548412,-0.000987297265568963
0,80,0,0,0,0,-0.000335291144438088,0.000882346299476922,-0.000335291086230427,0,0,0,20,-8.3822786109522e-05,0.000220586662180722,-8.38228152133524e-05,0,0,0,0.368236426620297,0.327092457548412,-0.000987297265568963
0,100,0,0,0,0,-0.00041911393054761,0.00110293296165764,-0.000419113901443779,0,0,0,20,-8.3822786109522e-05,0.0002205865457654,-8.38227570056915e-05,0,0,0,0.368236426620297,0.327092457548412,-0.000987297265568963
0,120,0,0,0,0,-0.000502936716657132,0.00132351950742304,-0.000502936658449471,0,0,0,20,-8.38228152133524e-05,0.0002205865457654,-8.38227570056915e-05,0,0,0,0.368236426620297,0.327092457548412,-0.000987297265568963
0,140,0,0,0,0,-0.000586759531870484,0.00154410605318844,-0.000586759415455163,0,0,0,20,-8.38227570056915e-05,0.0002205865457654,-8.38227570056915e-05,0,0,0,0.368236426620297,0.327092457548412,-0.000987297265568963
0,160,0,0,0,0,-0.000670582288876176,0.00176469259895384,-0.000670582172460854,0,0,0,20,-8.38228152133524e-05,0.0002205865457654,-8.38228734210134e-05,0,0,0,0.368236426620297,0.327092457548412,-0.000987297265568963
0,180,0,0,0,0,-0.000754405104089528,0.00198527914471924,-0.000754405045881867,0,0,0,20,-8.38227570056915e-05,0.000220586778596044,-8.38227570056915e-05,0,0,0,0.368236426620297,0.327092457548412,-0.000987297265568963
0,200,0,0,0,0,-0.00083822786109522,0.00220586592331529,-0.000838227802887559,0,0,0,20,-8.38228152133524e-05,0.0002205865457654,-8.38227570056915e-05,0,0,0,0.368236426620297,0.327092457548412,-0.000987297265568963
0,220,0,0,0,0,-0.000922050676308572,0.00242645246908069,-0.00092205055989325,0,0,0,20,-8.38227570056915e-05,0.0002205865457654,-8.38227570056915e-05,0,0,0,0.368236426620297,0.327092457548412,-0.000987297265568963
0,240,0,0,0,0,-0.00100587343331426,0.00264703901484609,-0.00100587331689894,0,0,0,20,-8.38227570056915e-05,0.0002205865457654,-8.38227570056915e-05,0,0,0,0.368236426620297,0.327092457548412,-0.000987297265568963
0,260,0,0,0,0,-0.00108969619031996,0.00286762556061149,-0.00108969607390463,0,0,0,20,-8.38228734210134e-05,0.0002205865457654,-8.38227570056915e-05,0,0,0,0.368236426620297,0.327092457548412,-0.000987297265568963
0,280,0,0,0,0,-0.00117351906374097,0.00308821210637689,-0.00117351883091033,0,0,0,20,-8.38227570056915e-05,0.0002205865457654,-8.38227570056915e-05,0,0,0,0.368236426620297,0.327092457548412,-0.000987297265568963
0,300,0,0,0,0,-0.00125734182074666,0.00330879865214229,-0.00125734158791602,0,0,0,20,-8.38227570056915e-05,0.0002205865457654,-8.38227570056915e-05,0,0,0,0.368236426620297,0.327092457548412,-0.000987297265568963
0,320,0,0,0,0,-0.00134116457775235,0.00352938519790769,-0.00134116434492171,0,0,0,20,-8.38228734210134e-05,0.000220586778596044,-8.38229898363352e-05,0,0,0,0.368236426620297,0.327092457548412,-0.000987297265568963
0,340,0,0,0,0,-0.00142498745117337,0.00374997197650373,-0.00142498733475804,0,0,0,20,-8.38227570056915e-05,0.000220586312934756,-8.38227570056915e-05,0,0,0,0.368236426620297,0.327092457548412,-0.000987297265568963
0,360,0,0,0,0,-0.00150881020817906,0.00397055828943849,-0.00150881009176373,0,0,0,20,-8.39252024888992e-05,0.000220791902393103,-8.39253189042211e-05,0,0,0,0.368236426620297,0.327092457548412,-0.000987297265568963
0,380,0,0,0,0,-0.00159273541066796,0.00419135019183159,-0.00159273541066796,0,0,0,20,-8.51340591907501e-05,0.000223215669393539,-8.51410441100597e-05,-2.15427259364631e-11,0,0,0.368236426620297,0.327092457548412,-0.000987297265568963
0,400,0,0,0,0,-0.00167786946985871,0.00441456586122513,-0.00167787645477802,-2.15427259364631e-11,0,0,20,-8.94630793482065e-05,0.000232010148465633,-8.96061537787318e-05,-4.42235123521151e-10,0,0,0.368236426620297,0.327092457548412,-0.000987297265568963
0,420,0,0,0,0,-0.00176733254920691,0.00464657600969076,-0.00176748260855675,-4.63777849457614e-10,0,0,20,-9.91232227534056e-05,0.000252355821430683,-0.000100291916169226,-3.7079659898076e-09,0,0,0.368236426620297,0.327092457548412,-0.000987297265568963
0,440,0,0,0,0,-0.00186645577196032,0.00489893183112144,-0.00186777452472597,-4.17174383926522e-09,0,0,20,-0.000115014496259391,0.000288572628051043,-0.000120616401545703,-1.85979196487551e-08,0,0,0.368236426620297,0.327092457548412,-0.000987297265568963
0,460,0,0,0,0,-0.00198147026821971,0.00518750445917249,-0.00198839092627168,-2.27696634880203e-08,0,0,20,-0.000136569608002901,0.000346037093549967,-0.000156519934535027,-7.18907724461815e-08,0,0,0.368236426620297,0.327092457548412,-0.000987297265568963
0,480,0,0,0,0,-0.00211803987622261,0.00553354155272245,-0.0021449108608067,-9.46604359342018e-08,0,0,20,-0.000156766502186656,0.000417275819927454,-0.000207538716495037,-2.00705329689299e-07,0,0,0.368236426620297,0.327092457548412,-0.000987297265568963
0,500,0,0,0,0,-0.00227480637840927,0.00595081737264991,-0.00235244957730174,-2.95365765623501e-07,0,0,20,-0.000175127293914557,0.000505797099322081,-0.000277659157291055,-4.33759254292454e-07,0,0,0.368236426620297,0.327092457548412,-0.000987297265568963
0,520,0,0,0,0,-0.00244993367232382,0.00645661447197199,-0.0026301087345928,-7.29125019915955e-07,0,0,20,-0.000189956510439515,0.000612818170338869,-0.000369782093912363,-7.96071788045083e-07,0,0,0.368236426620297,0.327092457548412,-0.000987297265568963
0,540,0,0,0,0,-0.00263989018276334,0.00706943264231086,-0.00299989082850516,-1.52519680796104e-06,0,0,20,-0.000201907474547625,0.00074096629396081,-0.000485885422676802,-1.29767829548655e-06,0,0,0.368236426620297,0.327092457548412,-0.000987297265568963
0,560,0,0,0,0,-0.00284179765731096,0.00781039893627167,-0.00348577625118196,-2.82287510344759e-06,0,0,20,-0.000212602084502578,0.000892982818186283,-0.000627110013738275,-1.90808214028948e-06,0,0,0.368236426620297,0.327092457548412,-0.000987297265568963
0,580,0,0,0,0,-0.00305439974181354,0.00870338175445795,-0.00411288626492023,-4.73095724373707e-06,0,0,20,-0.000224068062379956,0.00107087939977646,-0.000793486833572388,-2.53559119300917e-06,0,0,0.368236426620297,0.327092457548412,-0.000987297265568963
0,600,0,0,0,0,-0.0032784678041935,0.00977426115423441,-0.00490637309849262,-7.26654843674623e-06,0,0,20,-0.000238991575315595,0.00127699319273233,-0.000984739046543837,-3.00948477161e-06,0,0,0.368236426620297,0.327092457548412,-0.000987297265568963
0,620,0,0,0,0,-0.00351745937950909,0.0110512543469667,-0.00589111214503646,-1.02760332083562e-05,0,0,20,-0.000261213630437851,0.00151713937520981,-0.00120291812345386,-3.13712644128827e-06,0,0,0.368236426620297,0.327092457548412,-0.000987297265568963
0,640,0,0,0,0,-0.00377867300994694,0.0125683937221766,-0.00709403026849031,-1.34131596496445e-05,0,0,20,-0.000294664641842246,0.00180062558501959,-0.00145346205681562,-2.86527483694954e-06,0,0,0.368236426620297,0.327092457548412,-0.000987297265568963
0,0,0,0,0,0,0,0,0,0,0,0,20,0.00022058657486923,-8.3822786109522e-05,-8.38227715576068e-05,0,0,0,0.405306239767159,-0.196278698877634,-0.00262937994352536
20,0,0,0,0,0,0.00022058657486923,-8.3822786109522e-05,-8.38227715576068e-05,0,0,0,20,0.00022058657486923,-8.3822786109522e-05,-8.38227715576068e-05,0,0,0,0.405306239767159,-0.196278698877634,-0.00262937994352536
40,0,0,0,0,0,0.000441173149738461,-0.000167645572219044,-0.000167645543115214,0,0,0,20,0.000220586603973061,-8.3822786109522e-05,-8.3822786109522e-05,0,0,0,0.405306239767159,-0.196278698877634,-0.00262937994352536
60,0,0,0,0,0,0.000661759753711522,-0.000251468358328566,-0.000251468329224735,0,0,0,20,0.0002205865457654,-8.3822786109522e-05,-8.38227570056915e-05,0,0,0,0.405306239767159,-0.196278698877634,-0.00262937994352536
80,0,0,0,0,0,0.000882346299476922,-0.000335291144438088,-0.000335291086230427,0,0,0,20,0.000220586662180722,-8.3822786109522e-05,-8.38228152133524e-05,0,0,0,0.405306239767159,-0.196278698877634,-0.00262937994352536
100,0,0,0,0,0,0.00110293296165764,-0.00041911393054761,-0.000419113901443779,0,0,0,20,0.0002205865457654,-8.3822786109522e-05,-8.38227570056915e-05,0,0,0,0.405306239767159,-0.196278698877634,-0.00262937994352536
120,0,0,0,0,0,0.00132351950742304,-0.000502936716657132,-0.000502936658449471,0,0,0,20,0.0002205865457654,-8.38228152133524e-05,-8.38227570056915e-05,0,0,0,0.405306239767159,-0.196278698877634,-0.00262937994352536
140,0,0,0,0,0,0.00154410605318844,-0.000586759531870484,-0.000586759415455163,0,0,0,20,0.0002205865457654,-8.38227570056915e-05,-8.38227570056915e-05,0,0,0,0.405306239767159,-0.196278698877634,-0.00262937994352536
160,0,0,0,0,0,0.00176469259895384,-0.000670582288876176,-0.000670582172460854,0,0,0,20,0.0002205865457654,-8.38228152133524e-05,-8.38228734210134e-05,0,0,0,0.405306239767159,-0.196278698877634,-0.00262937994352536
180,0,0,0,0,0,0.00198527914471924,-0.000754405104089528,-0.000754405045881867,0,0,0,20,0.000220586778596044,-8.38227570056915e-05,-8.38227570056915e-05,0,0,0,0.405306239767159,-0.196278698877634,-0.00262937994352536
200,0,0,0,0,0,0.00220586592331529,-0.00083822786109522,-0.000838227802887559,0,0,0,20,0.0002205865457654,-8.38228152133524e-05,-8.38227570056915e-05,0,0,0,0.405306239767159,-0.196278698877634,-0.00262937994352536
220,0,0,0,0,0,0.00242645246908069,-0.000922050676308572,-0.00092205055989325,0,0,0,20,0.0002205865457654,-8.38227570056915e-05,-8.38227570056915e-05,0,0,0,0.405306239767159,-0.196278698877634,-0.00262937994352536
240,0,0,0,0,0,0.00264703901484609,-0.00100587343331426,-0.00100587331689894,0,0,0,20,0.0002205865457654,-8.38227570056915e-05,-8.38227570056915e-05,0,0,0,0.405306239767159,-0.196278698877634,-0.00262937994352536
260,0,0,0,0,0,0.00286762556061149,-0.00108969619031996,-0.00108969607390463,0,0,0,20,0.0002205865457654,-8.38228734210134e-05,-8.38227570056915e-05,0,0,0,0.405306239767159,-0.196278698877634,-0.00262937994352536
280,0,0,0,0,0,0.00308821210637689,-0.00117351906374097,-0.00117351883091033,0,0,0,20,0.0002205865457654,-8.38227570056915e-05,-8.38227570056915e-05,0,0,0,0.405306239767159,-0.196278698877634,-0.00262937994352536
300,0,0,0,0,0,0.00330879865214229,-0.00125734182074666,-0.00125734158791602,0,0,0,20,0.0002205865457654,-8.38227570056915e-05,-8.38227570056915e-05,0,0,0,0.405306239767159,-0.196278698877634,-0.00262937994352536
320,0,0,0,0,0,0.00352938519790769,-0.00134116457775235,-0.00134116434492171,0,0,0,20,0.000220586778596044,-8.38228734210134e-05,-8.38229898363352e-05,0,0,0,0.405306239767159,-0.196278698877634,-0.00262937994352536
340,0,0,0,0,0,0.00374997197650373,-0.00142498745117337,-0.00142498733475804,0,0,0,20,0.000220586312934756,-8.38227570056915e-05,-8.38227570056915e-05,0,0,0,0.405306239767159,-0.196278698877634,-0.00262937994352536
360,0,0,0,0,0,0.00397055828943849,-0.00150881020817906,-0.00150881009176373,0,0,0,20,0.000220804940909147,-8.39317217469215e-05,-8.39317217469215e-05,0,0,0,0.405306239767159,-0.196278698877634,-0.00262937994352536
380,0,0,0,0,0,0.00419136323034763,-0.00159274192992598,-0.00159274181351066,0,0,0,20,0.000223382376134396,-8.52176453918219e-05,-8.52223020046949e-05,3.15934882422209e-11,0,0,0.405306239767159,-0.196278698877634,-0.00262937994352536
400,0,0,0,0,0,0.00441474560648203,-0.0016779595753178,-0.00167796411551535,3.15934882422209e-11,0,0,20,0.0002327268011868,-8.98248981684446e-05,-8.9952489361167e-05,6.48804249908652e-10,0,0,0.405306239767159,-0.196278698877634,-0.00262937994352536
420,0,0,0,0,0,0.00464747240766883,-0.00176778447348624,-0.00176791660487652,6.80397738150873e-10,0,0,20,0.000254303682595491,-0.000100123579613864,-0.000101216719485819,5.40449751618155e-09,0,0,0.405306239767159,-0.196278698877634,-0.00262937994352536
440,0,0,0,0,0,0.00490177609026432,-0.00186790805310011,-0.00186913332436234,6.08489525433242e-09,0,0,20,0.000292614102363586,-0.000117137562483549,-0.000122489291243255,2.62550665652839e-08,0,0,0.405306239767159,-0.196278698877634,-0.00262937994352536
460,0,0,0,0,0,0.00519439019262791,-0.00198504561558366,-0.00199162261560559,3.23399618196163e-08,0,0,20,0.000351361464709044,-0.000139615498483181,-0.000158725772053003,9.20522396086199e-08,0,0,0.405306239767159,-0.196278698877634,-0.00262937994352536
480,0,0,0,0,0,0.00554575165733695,-0.00212466111406684,-0.0021503483876586,1.24392201428236e-07,0,0,20,0.00042826309800148,-0.000162843149155378,-0.000212359940633178,1.84256848001496e-07,0,0,0.405306239767159,-0.196278698877634,-0.00262937994352536
500,0,0,0,0,0,0.00597401475533843,-0.00228750426322222,-0.00236270832829177,3.08649049429732e-07,0,0,20,0.000521600712090731,-0.000183364376425743,-0.000285136047750711,3.32338373709717e-07,0,0,0.405306239767159,-0.196278698877634,-0.00262937994352536
520,0,0,0,0,0,0.00649561546742916,-0.00247086863964796,-0.00264784437604249,6.4098742313945e-07,0,0,20,0.000633840449154377,-0.000200120732188225,-0.000380578450858593,4.86788167108898e-07,0,0,0.405306239767159,-0.196278698877634,-0.00262937994352536
540,0,0,0,0,0,0.00712945591658354,-0.00267098937183619,-0.00302842282690108,1.12777559024835e-06,0,0,20,0.000767307355999947,-0.000213482649996877,-0.000500645255669951,5.48539446754148e-07,0,0,0.405306239767159,-0.196278698877634,-0.00262937994352536
560,0,0,0,0,0,0.00789676327258348,-0.00288447202183306,-0.00352906808257103,1.6763150370025e-06,0,0,20,0.000925096683204174,-0.000224661082029343,-0.000647217500954866,4.80525727653003e-07,0,0,0.405306239767159,-0.196278698877634,-0.00262937994352536
580,0,0,0,0,0,0.00882185995578766,-0.0031091331038624,-0.0041762855835259,2.1568407646555e-06,0,0,20,0.0011108135804534,-0.000235366635024548,-0.000822189263999462,2.9398165679595e-07,0,0,0.405306239767159,-0.196278698877634,-0.00262937994352536
600,0,0,0,0,0,0.00993267353624105,-0.00334449973888695,-0.00499847484752536,2.45082242145145e-06,0,0,20,0.00133061408996582,-0.000248124357312918,-0.00102918548509479,4.31771240982926e-08,0,0,0.405306239767159,-0.196278698877634,-0.00262937994352536
620,0,0,0,0,0,0.0112632876262069,-0.00359262409619987,-0.00602766033262014,2.49399954554974e-06,0,0,20,0.00159490760415792,-0.00026714988052845,-0.00127439759671688,-2.00140220840694e-07,0,0,0.405306239767159,-0.196278698877634,-0.00262937994352536
640,0,0,0,0,0,0.0128581952303648,-0.00385977397672832,-0.00730205792933702,2.29385932470905e-06,0,0,20,0.00191646628081799,-0.000297405524179339,-0.00156562402844429,-2.64291429630248e-07,0,0,0.405306239767159,-0.196278698877634,-0.00262937994352536
0,0,0,0,0,0,0,0,0,0,0,0,20,6.83818943798542e-05,6.83818943798542e-05,-8.38227715576068e-05,0.000116279072244652,0,0,0.405306239767159,-0.196278698877634,-0.00262937994352536
10,10,0,10,0,0,6.83818943798542e-05,6.83818943798542e-05,-8.38227715576068e-05,0.000116279072244652,0,0,20,6.83818943798542e-05,6.83818943798542e-05,-8.38227715576068e-05,0.000116279072244652,0,0,0.405306239767159,-0.196278698877634,-0.00262937994352536
20,20,0,20,0,0,0.000136763788759708,0.000136763788759708,-0.000167645543115214,0.000232558144489303,0,0,20,6.83818943798542e-05,6.83818943798542e-05,-8.3822786109522e-05,0.000116279057692736,0,0,0.405306239767159,-0.196278698877634,-0.00262937994352536
30,30,0,30,0,0,0.000205145683139563,0.000205145683139563,-0.000251468329224735,0.00034883720218204,0,0,20,6.83818943798542e-05,6.83818943798542e-05,-8.38227570056915e-05,0.000116279086796567,0,0,0.405306239767159,-0.196278698877634,-0.00262937994352536
40,40,0,40,0,0,0.000273527577519417,0.000273527577519417,-0.000335291086230427,0.000465116288978606,0,0,20,6.83818943798542e-05,6.83818943798542e-05,-8.38228152133524e-05,0.000116279057692736,0,0,0.405306239767159,-0.196278698877634,-0.00262937994352536
50,50,0,50,0,0,0.000341909471899271,0.000341909471899271,-0.000419113901443779,0.000581395346671343,0,0,20,6.83818943798542e-05,6.83818943798542e-05,-8.38227570056915e-05,0.000116279057692736,0,0,0.405306239767159,-0.196278698877634,-0.00262937994352536
60,60,0,60,0,0,0.000410291366279125,0.000410291366279125,-0.000502936658449471,0.000697674404364079,0,0,20,6.83819234836847e-05,6.83819234836847e-05,-8.38227570056915e-05,0.000116279057692736,0,0,0.405306239767159,-0.196278698877634,-0.00262937994352536
70,70,0,70,0,0,0.00047867328976281,0.00047867328976281,-0.000586759415455163,0.000813953462056816,0,0,20,6.83818652760237e-05,6.83818652760237e-05,-8.38227570056915e-05,0.000116279115900397,0,0,0.405306239767159,-0.196278698877634,-0.00262937994352536
80,80,0,80,0,0,0.000547055155038834,0.000547055155038834,-0.000670582172460854,0.000930232577957213,0,0,20,6.83818943798542e-05,6.83818943798542e-05,-8.38228734210134e-05,0.000116278999485075,0,0,0.405306239767159,-0.196278698877634,-0.00262937994352536
90,90,0,90,0,0,0.000615437049418688,0.000615437049418688,-0.000754405045881867,0.00104651157744229,0,0,20,6.83818943798542e-05,6.83818943798542e-05,-8.38227570056915e-05,0.000116279115900397,0,0,0.405306239767159,-0.196278698877634,-0.00262937994352536
100,100,0,100,0,0,0.000683818943798542,0.000683818943798542,-0.000838227802887559,0.00116279069334269,0,0,20,6.83818943798542e-05,6.83818943798542e-05,-8.38227570056915e-05,0.000116279115900397,0,0,0.405306239767159,-0.196278698877634,-0.00262937994352536
110,110,0,110,0,0,0.000752200838178396,0.000752200838178396,-0.00092205055989325,0.00127906980924308,0,0,20,6.83818943798542e-05,6.83818943798542e-05,-8.38227570056915e-05,0.000116278999485075,0,0,0.405306239767159,-0.196278698877634,-0.00262937994352536
120,120,0,120,0,0,0.00082058273255825,0.00082058273255825,-0.00100587331689894,0.00139534880872816,0,0,20,6.83819525875151e-05,6.83819525875151e-05,-8.38227570056915e-05,0.000116279115900397,0,0,0.405306239767159,-0.196278698877634,-0.00262937994352536
130,130,0,130,0,0,0.000888964685145766,0.000888964685145766,-0.00108969607390463,0.00151162792462856,0,0,20,6.83818943798542e-05,6.83818943798542e-05,-8.38227570056915e-05,0.000116278999485075,0,0,0.405306239767159,-0.196278698877634,-0.00262937994352536
140,140,0,140,0,0,0.00095734657952562,0.00095734657952562,-0.00117351883091033,0.00162790692411363,0,0,20,6.83818361721933e-05,6.83818361721933e-05,-8.38227570056915e-05,0.000116279115900397,0,0,0.405306239767159,-0.196278698877634,-0.00262937994352536
150,150,0,150,0,0,0.00102572841569781,0.00102572841569781,-0.00125734158791602,0.00174418604001403,0,0,20,6.83818943798542e-05,6.83818943798542e-05,-8.38227570056915e-05,0.000116279115900397,0,0,0.405306239767159,-0.196278698877634,-0.00262937994352536
160,160,0,160,0,0,0.00109411031007767,0.00109411031007767,-0.00134116434492171,0.00186046515591443,0,0,20,6.83818943798542e-05,6.83818943798542e-05,-8.38229898363352e-05,0.000116279115900397,0,0,0.405306239767159,-0.196278698877634,-0.00262937994352536
170,170,0,170,0,0,0.00116249220445752,0.00116249220445752,-0.00142498733475804,0.00197674427181482,0,0,20,6.83818943798542e-05,6.83818943798542e-05,-8.38227570056915e-05,0.000116278883069754,0,0,0.405306239767159,-0.196278698877634,-0.00262937994352536
180,180,0,180,0,0,0.00123087409883738,0.00123087409883738,-0.00150881009176373,0.00209302315488458,0,0,20,6.8436493165791e-05,6.8436493165791e-05,-8.39318381622434e-05,0.000116388080641627,0,0,0.405306239767159,-0.196278698877634,-0.00262937994352536
190,190,0,190,0,0,0.00129931059200317,0.00129931059200317,-0.00159274192992598,0.0022094112355262,0,0,20,6.90832966938615e-05,6.90816668793559e-05,-8.52228840813041e-05,0.000117680290713906,0,0,0.405306239767159,-0.196278698877634,-0.00262937994352536
200,200,0,200,0,0,0.00136839388869703,0.00136839225888252,-0.00167796481400728,0.00232709152624011,0,0,20,7.14644556865096e-05,7.14318593963981e-05,-8.99502774700522e-05,0.000122411642223597,0,0,0.405306239767159,-0.196278698877634,-0.00262937994352536
210,210,0,210,0,0,0.00143985834438354,0.00143982411827892,-0.00176791509147733,0.00244950316846371,0,0,20,7.71961640566587e-05,7.69209582358599e-05,-0.000101162237115204,0.000133632449433208,0,0,0.405306239767159,-0.196278698877634,-0.00262937994352536
220,220,0,220,0,0,0.0015170545084402,0.00151674507651478,-0.00186907732859254,0.00258313561789691,0,0,20,8.82000895217061e-05,8.68107890710235e-05,-0.000122039578855038,0.000154526205733418,0,0,0.405306239767159,-0.196278698877634,-0.00262937994352536
230,230,0,230,0,0,0.0016052545979619,0.0016035558655858,-0.00199111690744758,0.00273766182363033,0,0,20,0.000106478342786431,0.000101501354947686,-0.000154984183609486,0.000187495024874806,0,0,0.405306239767159,-0.196278698877634,-0.00262937994352536
240,240,0,240,0,0,0.00171173294074833,0.00170505722053349,-0.00214610109105706,0.00292515684850514,0,0,20,0.000135817099362612,0.000120864599011838,-0.000203654635697603,0.000236196909099817,0,0,0.405306239767159,-0.196278698877634,-0.00262937994352536
250,250,0,250,0,0,0.00184755004011095,0.00182592181954533,-0.00234975572675467,0.00316135375760496,0,0,20,0.000174759887158871,0.000141318771056831,-0.000263015273958445,0.000295593636110425,0,0,0.405306239767159,-0.196278698877634,-0.00262937994352536
260,260,0,260,0,0,0.00202230992726982,0.00196724059060216,-0.00261277100071311,0.00345694739371538,0,0,20,0.000226112315431237,0.000161876203492284,-0.000334887998178601,0.000367504311725497,0,0,0.405306239767159,-0.196278698877634,-0.00262937994352536
270,270,0,270,0,0,0.00224842224270105,0.00212911679409444,-0.00294765899889171,0.00382445170544088,0,0,20,0.000291132833808661,0.00018141302280128,-0.000419406918808818,0.000452060950919986,0,0,0.405306239767159,-0.196278698877634,-0.00262937994352536
280,280,0,280,0,0,0.00253955507650971,0.00231052981689572,-0.00336706591770053,0.00427651265636086,0,0,20,0.000370967900380492,0.000199648784473538,-0.000517440959811211,0.000550132244825363,0,0,0.405306239767159,-0.196278698877634,-0.00262937994352536
290,290,0,290,0,0,0.00291052297689021,0.00251017860136926,-0.00388450687751174,0.00482664490118623,0,0,20,0.000466813566163182,0.000217068940401077,-0.000630668830126524,0.000663398765027523,0,0,0.405306239767159,-0.196278698877634,-0.00262937994352536
300,300,0,300,0,0,0.00337733654305339,0.00272724754177034,-0.00451517570763826,0.00549004366621375,0,0,20,0.000580447725951672,0.000234979437664151,-0.000762170646339655,0.000795014202594757,0,0,0.405306239767159,-0.196278698877634,-0.00262937994352536
310,310,0,310,0,0,0.00395778426900506,0.00296222697943449,-0.00527734635397792,0.00628505786880851,0,0,20,0.000714233610779047,0.000255358405411243,-0.000916278455406427,0.000949612818658352,0,0,0.405306239767159,-0.196278698877634,-0.00262937994352536
320,320,0,320,0,0,0.00467201787978411,0.00321758538484573,-0.00619362480938435,0.00723467068746686,0,0,20,0.000871667172759771,0.000280254287645221,-0.00109853409230709,0.0011338428594172,0,0,0.405306239767159,-0.196278698877634,-0.00262937994352536
0,0,0,0,0,0,0,0,0,0,0,0,20,-8.3822786109522e-05,0.00022058657486923,-8.38227715576068e-05,0,0,0,0.405306239767159,-0.196278698877634,-0.00262937994352536
0,20,0,0,0,0,-8.3822786109522e-05,0.00022058657486923,-8.38227715576068e-05,0,0,0,20,-8.3822786109522e-05,0.00022058657486923,-8.38227715576068e-05,0,0,0,0.405306239767159,-0.196278698877634,-0.00262937994352536
0,40,0,0,0,0,-0.000167645572219044,0.000441173149738461,-0.000167645543115214,0,0,0,20,-8.3822786109522e-05,0.000220586603973061,-8.3822786109522e-05,0,0,0,0.405306239767159,-0.196278698877634,-0.00262937994352536
0,60,0,0,0,0,-0.000251468358328566,0.000661759753711522,-0.000251468329224735,0,0,0,20,-8.3822786109522e-05,0.0002205865457654,-8.38227570056915e-05,0,0,0,0.405306239767159,-0.196278698877634,-0.00262937994352536
0,80,0,0,0,0,-0.000335291144438088,0.000882346299476922,-0.000335291086230427,0,0,0,20,-8.3822786109522e-05,0.000220586662180722,-8.38228152133524e-05,0,0,0,0.405306239767159,-0.196278698877634,-0.00262937994352536
0,100,0,0,0,0,-0.00041911393054761,0.00110293296165764,-0.000419113901443779,0,0,0,20,-8.3822786109522e-05,0.0002205865457654,-8.38227570056915e-05,0,0,0,0.405306239767159,-0.196278698877634,-0.00262937994352536
0,120,0,0,0,0,-0.000502936716657132,0.00132351950742304,-0.000502936658449471,0,0,0,20,-8.38228152133524e-05,0.0002205865457654,-8.38227570056915e-05,0,0,0,0.405306239767159,-0.196278698877634,-0.00262937994352536
0,140,0,0,0,0,-0.000586759531870484,0.00154410605318844,-0.000586759415455163,0,0,0,20,-8.38227570056915e-05,0.0002205865457654,-8.38227570056915e-05,0,0,0,0.405306239767159,-0.196278698877634,-0.00262937994352536
0,160,0,0,0,0,-0.000670582288876176,0.00176469259895384,-0.000670582172460854,0,0,0,20,-8.38228152133524e-05,0.0002205865457654,-8.38228734210134e-05,0,0,0,0.405306239767159,-0.196278698877634,-0.00262937994352536
0,180,0,0,0,0,-0.000754405104089528,0.00198527914471924,-0.000754405045881867,0,0,0,20,-8.38227570056915e-05,0.000220586778596044,-8.38227570056915e-05,0,0,0,0.405306239767159,-0.196278698877634,-0.00262937994352536
0,200,0,0,0,0,-0.00083822786109522,0.00220586592331529,-0.000838227802887559,0,0,0,20,-8.38228152133524e-05,0.0002205865457654,-8.38227570056915e-05,0,0,0,0.405306239767159,-0.196278698877634,-0.00262937994352536
0,220,0,0,0,0,-0.000922050676308572,0.00242645246908069,-0.00092205055989325,0,0,0,20,-8.38227570056915e-05,0.0002205865457654,-8.38227570056915e-05,0,0,0,0.405306239767159,-0.196278698877634,-0.00262937994352536
0,240,0,0,0,0,-0.00100587343331426,0.00264703901484609,-0.00100587331689894,0,0,0,20,-8.38227570056915e-05,0.0002205865457654,-8.38227570056915e-05,0,0,0,0.405306239767159,-0.196278698877634,-0.00262937994352536
0,260,0,0,0,0,-0.00108969619031996,0.00286762556061149,-0.00108969607390463,0,0,0,20,-8.38228734210134e-05,0.0002205865457654,-8.38227570056915e-05,0,0,0,0.405306239767159,-0.196278698877634,-0.00262937994352536
0,280,0,0,0,0,-0.00117351906374097,0.00308821210637689,-0.00117351883091033,0,0,0,20,-8.38227570056915e-05,0.0002205865457654,-8.38227570056915e-05,0,0,0,0.405306239767159,-0.196278698877634,-0.00262937994352536
0,300,0,0,0,0,-0.00125734182074666,0.00330879865214229,-0.00125734158791602,0,0,0,20,-8.38227570056915e-05,0.0002205865457654,-8.38227570056915e-05,0,0,0,0.405306239767159,-0.196278698877634,-0.00262937994352536
0,320,0,0,0,0,-0.00134116457775235,0.00352938519790769,-0.00134116434492171,0,0,0,20,-8.38228734210134e-05,0.000220586778596044,-8.38229898363352e-05,0,0,0,0.405306239767159,-0.196278698877634,-0.00262937994352536
0,340,0,0,0,0,-0.00142498745117337,0.00374997197650373,-0.00142498733475804,0,0,0,20,-8.38227570056915e-05,0.000220586312934756,-8.38227570056915e-05,0,0,0,0.405306239767159,-0.196278698877634,-0.00262937994352536
0,360,0,0,0,0,-0.00150881020817906,0.00397055828943849,-0.00150881009176373,0,0,0,20,-8.39317217469215e-05,0.000220804940909147,-8.39317217469215e-05,0,0,0,0.405306239767159,-0.196278698877634,-0.00262937994352536
0,380,0,0,0,0,-0.00159274192992598,0.00419136323034763,-0.00159274181351066,0,0,0,20,-8.52113589644432e-05,0.000223363749682903,-8.52113589644432e-05,3.68302922881814e-11,0,0,0.405306239767159,-0.196278698877634,-0.00262937994352536
0,400,0,0,0,0,-0.00167795328889042,0.00441472698003054,-0.0016779531724751,3.68302922881814e-11,0,0,20,-8.97024292498827e-05,0.000232352409511805,-8.97074351087213e-05,7.64442755624151e-10,0,0,0.405306239767159,-0.196278698877634,-0.00262937994352536
0,420,0,0,0,0,-0.0017676557181403,0.00464707938954234,-0.00176766060758382,8.01273047912332e-10,0,0,20,-9.9209020845592e-05,0.00025141891092062,-9.9264201708138e-05,6.52154752422973e-09,0,0,0.405306239767159,-0.196278698877634,-0.00262937994352536
0,440,0,0,0,0,-0.0018668647389859,0.00489849830046296,-0.00186692480929196,7.32282057214206e-09,0,0,20,-0.000113438349217176,0.000280173029750586,-0.000113785499706864,3.35087166902781e-08,0,0,0.405306239767159,-0.196278698877634,-0.00262937994352536
0,460,0,0,0,0,-0.00198030308820307,0.00517867133021355,-0.00198071030899882,4.08315372624202e-08,0,0,20,-0.000129421707242727,0.000313109252601862,-0.000130733009427786,1.17910801122889e-07,0,0,0.405306239767159,-0.196278698877634,-0.00262937994352536
0,480,0,0,0,0,-0.0021097247954458,0.00549178058281541,-0.00211144331842661,1.58742338385309e-07,0,0,20,-0.000143717508763075,0.000343842897564173,-0.000147166894748807,2.90622111265293e-07,0,0,0.405306239767159,-0.196278698877634,-0.00262937994352536
0,500,0,0,0,0,-0.00225344230420887,0.00583562348037958,-0.00225861021317542,4.49364449650602e-07,0,0,20,-0.000154757872223854,0.00036960281431675,-0.000161883421242237,5.63578225865058e-07,0,0,0.405306239767159,-0.196278698877634,-0.00262937994352536
0,520,0,0,0,0,-0.00240820017643273,0.00620522629469633,-0.00242049363441765,1.01294267551566e-06,0,0,20,-0.000162699958309531,0.000390621833503246,-0.00017495802603662,9.18009618544602e-07,0,0,0.405306239767159,-0.196278698877634,-0.00262937994352536
0,540,0,0,0,0,-0.00257090013474226,0.00659584812819958,-0.00259545166045427,1.93095229406026e-06,0,0,20,-0.000168323749676347,0.000408109277486801,-0.000186819583177567,1.32783202388964e-06,0,0,0.405306239767159,-0.196278698877634,-0.00262937994352536
0,560,0,0,0,0,-0.00273922388441861,0.00700395740568638,-0.00278227124363184,3.2587843179499e-06,0,0,20,-0.000172276049852371,0.000422985292971134,-0.000197742599993944,1.77530660039338e-06,0,0,0.405306239767159,-0.196278698877634,-0.00262937994352536
0,580,0,0,0,0,-0.00291149993427098,0.00742694269865751,-0.00298001384362578,5.03409091834328e-06,0,0,20,-0.000175159890204668,0.000436451286077499,-0.000208323821425438,2.21537902689306e-06,0,0,0.405306239767159,-0.196278698877634,-0.00262937994352536
0,600,0,0,0,0,-0.00308665982447565,0.00786339398473501,-0.00318833766505122,7.24946994523634e-06,0,0,20,-0.000177484238520265,0.000449773855507374,-0.00021932041272521,2.59786656897631e-06,0,0,0.405306239767159,-0.196278698877634,-0.00262937994352536
0,620,0,0,0,0,-0.00326414406299591,0.00831316784024239,-0.00340765807777643,9.84733651421266e-06,0,0,20,-0.000181768788024783,0.000468798913061619,-0.000234057893976569,2.87943112198263e-06,0,0,0.405306239767159,-0.196278698877634,-0.00262937994352536
0,640,0,0,0,0,-0.00344591285102069,0.008781966753304,-0.003641715971753,1.27267676361953e-05,0,0,20,-0.000193803105503321,0.000506685115396976,-0.000259899301454425,3.16312161885435e-06,0,0,0.405306239767159,-0.196278698877634,-0.00262937994352536
